filename,width,height,class,xmin,ymin,xmax,ymax
frame1616.jpg,1920,1080,action,805,413,1119,1003
frame1878.jpg,1920,1080,action,739,331,1184,1027
frame2118.jpg,1920,1080,action,811,404,1117,929
frame972.jpg,1920,1080,action,802,406,1110,942
frame918.jpg,1920,1080,action,828,381,1149,989
frame1267.jpg,1920,1080,action,819,332,1224,1010
frame653.jpg,1920,1080,action,786,527,1080,979
frame1340.jpg,1920,1080,action,680,344,1072,993
frame1625.jpg,1920,1080,action,755,392,1087,994
frame665.jpg,1920,1080,action,684,463,1081,980
frame5.jpg,1920,1080,action,782,438,1137,1080
frame965.jpg,1920,1080,action,739,369,1082,944
frame119.jpg,1920,1080,action,661,351,1192,1025
frame924.jpg,1920,1080,action,840,394,1146,981
frame685.jpg,1920,1080,action,707,407,1027,1003
frame2265.jpg,1920,1080,action,803,441,1101,919
frame614.jpg,1920,1080,action,806,522,1080,981
frame1207.jpg,1920,1080,action,722,364,1114,996
frame2181.jpg,1920,1080,action,884,407,1327,991
frame2299.jpg,1920,1080,action,803,430,1087,919
frame1497.jpg,1920,1080,action,776,315,1104,956
frame1794.jpg,1920,1080,action,766,220,1074,964
frame2254.jpg,1920,1080,action,858,433,1068,947
frame2202.jpg,1920,1080,action,907,377,1125,960
frame878.jpg,1920,1080,action,831,414,1093,844
frame2320.jpg,1920,1080,action,800,424,1097,931
frame573.jpg,1920,1080,action,805,417,1037,939
frame2218.jpg,1920,1080,action,900,414,1172,948
frame954.jpg,1920,1080,action,783,388,1098,998
frame1985.jpg,1920,1080,action,849,369,1216,944
frame1942.jpg,1920,1080,action,816,440,1114,901
frame1077.jpg,1920,1080,action,790,396,1088,974
frame51.jpg,1920,1080,action,682,315,1231,1049
frame1091.jpg,1920,1080,action,807,412,1048,990
frame1310.jpg,1920,1080,action,747,374,1157,1033
frame616.jpg,1920,1080,action,798,513,1068,974
frame1803.jpg,1920,1080,action,800,341,1150,988
frame1313.jpg,1920,1080,action,479,286,1110,1020
frame840.jpg,1920,1080,action,802,610,1153,959
frame1916.jpg,1920,1080,action,811,438,1109,905
frame1555.jpg,1920,1080,action,796,403,1135,940
frame927.jpg,1920,1080,action,831,392,1172,992
frame419.jpg,1920,1080,action,666,342,1237,991
frame1210.jpg,1920,1080,action,727,396,1102,992
frame1234.jpg,1920,1080,action,776,376,1146,968
frame1536.jpg,1920,1080,action,811,397,1131,953
frame1996.jpg,1920,1080,action,725,343,1148,935
frame990.jpg,1920,1080,action,681,297,1005,932
frame2268.jpg,1920,1080,action,799,436,1093,914
frame626.jpg,1920,1080,action,789,521,1094,984
frame475.jpg,1920,1080,action,848,388,1076,952
frame1411.jpg,1920,1080,action,799,380,1111,969
frame1683.jpg,1920,1080,action,814,376,1098,955
frame479.jpg,1920,1080,action,842,386,1048,966
frame1064.jpg,1920,1080,action,805,367,1054,975
frame1833.jpg,1920,1080,action,806,331,1137,974
frame1008.jpg,1920,1080,action,748,407,1080,1018
frame255.jpg,1920,1080,action,820,423,1080,944
frame812.jpg,1920,1080,action,783,442,1114,924
frame2092.jpg,1920,1080,action,825,420,1139,973
frame987.jpg,1920,1080,action,659,491,979,932
frame404.jpg,1920,1080,action,574,356,1304,1003
frame2153.jpg,1920,1080,action,832,385,1113,956
frame54.jpg,1920,1080,action,681,324,1213,1038
frame957.jpg,1920,1080,action,815,369,1068,955
frame1546.jpg,1920,1080,action,790,402,1110,933
frame1955.jpg,1920,1080,action,787,439,1099,890
frame1490.jpg,1920,1080,action,786,299,1043,964
frame1984.jpg,1920,1080,action,857,386,1213,941
frame1451.jpg,1920,1080,action,825,393,1085,971
frame1564.jpg,1920,1080,action,727,372,1068,1017
frame1864.jpg,1920,1080,action,722,304,1136,951
frame2175.jpg,1920,1080,action,905,400,1062,980
frame1785.jpg,1920,1080,action,716,247,1085,976
frame1289.jpg,1920,1080,action,715,547,1072,1001
frame1677.jpg,1920,1080,action,856,347,1118,961
frame214.jpg,1920,1080,action,790,426,1081,934
frame291.jpg,1920,1080,action,840,586,1108,966
frame1579.jpg,1920,1080,action,769,371,1114,942
frame163.jpg,1920,1080,action,880,475,1215,1041
frame2263.jpg,1920,1080,action,781,450,1097,916
frame1292.jpg,1920,1080,action,712,561,1063,967
frame2145.jpg,1920,1080,action,776,363,1150,941
frame1278.jpg,1920,1080,action,736,312,1336,1010
frame536.jpg,1920,1080,action,682,682,1021,1080
frame1204.jpg,1920,1080,action,705,401,1066,997
frame2283.jpg,1920,1080,action,803,422,1085,922
frame1501.jpg,1920,1080,action,783,318,1066,967
frame1528.jpg,1920,1080,action,795,403,1144,967
frame439.jpg,1920,1080,action,844,395,1099,1023
frame1554.jpg,1920,1080,action,766,420,1110,944
frame2108.jpg,1920,1080,action,844,409,1135,962
frame1893.jpg,1920,1080,action,824,424,1081,895
frame2222.jpg,1920,1080,action,886,414,1232,964
frame2195.jpg,1920,1080,action,894,384,1139,978
frame2428.jpg,1920,1080,action,898,370,1093,966
frame1547.jpg,1920,1080,action,770,419,1104,970
frame218.jpg,1920,1080,action,795,427,1091,938
frame1791.jpg,1920,1080,action,793,365,1035,968
frame266.jpg,1920,1080,action,834,417,1066,933
frame1960.jpg,1920,1080,action,797,444,1091,893
frame57.jpg,1920,1080,action,690,327,1189,1035
frame1627.jpg,1920,1080,action,809,412,1091,1016
frame1019.jpg,1920,1080,action,747,416,1057,975
frame2104.jpg,1920,1080,action,832,423,1118,965
frame571.jpg,1920,1080,action,780,520,1044,946
frame247.jpg,1920,1080,action,818,426,1092,936
frame1825.jpg,1920,1080,action,752,338,1179,971
frame1760.jpg,1920,1080,action,795,287,1105,982
frame1317.jpg,1920,1080,action,709,323,1003,984
frame670.jpg,1920,1080,action,728,404,1018,989
frame2244.jpg,1920,1080,action,860,439,1071,941
frame1961.jpg,1920,1080,action,788,427,1088,904
frame923.jpg,1920,1080,action,799,352,1139,994
frame1947.jpg,1920,1080,action,790,450,1098,895
frame39.jpg,1920,1080,action,700,433,919,969
frame39.jpg,1920,1080,action,1027,549,1295,1080
frame232.jpg,1920,1080,action,810,403,1078,932
frame537.jpg,1920,1080,action,680,645,1021,1080
frame156.jpg,1920,1080,action,901,379,1083,943
frame1463.jpg,1920,1080,action,566,276,1026,978
frame902.jpg,1920,1080,action,903,378,1129,904
frame1471.jpg,1920,1080,action,650,319,1128,963
frame1693.jpg,1920,1080,action,715,364,1168,946
frame1514.jpg,1920,1080,action,789,392,1115,1009
frame1237.jpg,1920,1080,action,821,395,1101,921
frame1057.jpg,1920,1080,action,723,370,1108,993
frame2301.jpg,1920,1080,action,796,422,1098,920
frame1424.jpg,1920,1080,action,819,396,1131,961
frame1504.jpg,1920,1080,action,768,305,1085,986
frame96.jpg,1920,1080,action,747,324,1234,1026
frame1233.jpg,1920,1080,action,792,399,1110,913
frame187.jpg,1920,1080,action,814,411,1098,957
frame2261.jpg,1920,1080,action,794,424,1103,920
frame1972.jpg,1920,1080,action,796,426,1092,892
frame10.jpg,1920,1080,action,784,457,1099,1080
frame1623.jpg,1920,1080,action,774,381,1121,985
frame596.jpg,1920,1080,action,799,517,1062,977
frame41.jpg,1920,1080,action,696,433,913,947
frame41.jpg,1920,1080,action,1034,560,1317,1080
frame997.jpg,1920,1080,action,729,407,1094,1011
frame841.jpg,1920,1080,action,802,608,1115,939
frame982.jpg,1920,1080,action,679,566,1038,929
frame496.jpg,1920,1080,action,835,382,1086,980
frame525.jpg,1920,1080,action,666,412,1104,1080
frame849.jpg,1920,1080,action,772,378,1078,931
frame1998.jpg,1920,1080,action,776,358,1147,926
frame1572.jpg,1920,1080,action,807,391,1124,975
frame1537.jpg,1920,1080,action,825,408,1135,947
frame933.jpg,1920,1080,action,863,389,1131,988
frame1842.jpg,1920,1080,action,792,345,1156,980
frame250.jpg,1920,1080,action,829,442,1071,934
frame953.jpg,1920,1080,action,797,384,1085,947
frame1846.jpg,1920,1080,action,808,329,1143,972
frame1344.jpg,1920,1080,action,703,290,1093,988
frame1025.jpg,1920,1080,action,752,373,1115,1024
frame14.jpg,1920,1080,action,767,449,1142,1077
frame2204.jpg,1920,1080,action,918,365,1106,983
frame688.jpg,1920,1080,action,730,337,1318,970
frame2194.jpg,1920,1080,action,895,389,1115,975
frame1950.jpg,1920,1080,action,803,449,1093,886
frame1452.jpg,1920,1080,action,797,392,1113,961
frame1480.jpg,1920,1080,action,767,316,1035,950
frame1097.jpg,1920,1080,action,758,331,1075,919
frame1295.jpg,1920,1080,action,757,389,1150,942
frame1403.jpg,1920,1080,action,833,372,1123,974
frame1487.jpg,1920,1080,action,839,403,1119,1024
frame1542.jpg,1920,1080,action,791,404,1152,977
frame1931.jpg,1920,1080,action,818,450,1107,907
frame1766.jpg,1920,1080,action,823,265,1055,927
frame839.jpg,1920,1080,action,806,576,1113,945
frame2206.jpg,1920,1080,action,905,364,1107,999
frame1953.jpg,1920,1080,action,807,421,1103,906
frame170.jpg,1920,1080,action,939,520,1292,1069
frame531.jpg,1920,1080,action,627,476,1045,1079
frame1493.jpg,1920,1080,action,742,304,1067,987
frame1279.jpg,1920,1080,action,736,325,1322,981
frame1060.jpg,1920,1080,action,755,365,1121,1007
frame95.jpg,1920,1080,action,733,323,1215,1038
frame1450.jpg,1920,1080,action,810,366,1115,986
frame560.jpg,1920,1080,action,730,460,1035,964
frame190.jpg,1920,1080,action,815,426,1085,934
frame2249.jpg,1920,1080,action,856,421,1066,956
frame532.jpg,1920,1080,action,657,546,1030,1080
frame194.jpg,1920,1080,action,825,430,1099,937
frame1523.jpg,1920,1080,action,786,390,1098,943
frame1291.jpg,1920,1080,action,725,556,1065,1016
frame494.jpg,1920,1080,action,833,397,1109,992
frame1209.jpg,1920,1080,action,719,380,1089,997
frame1763.jpg,1920,1080,action,801,270,1185,1000
frame1901.jpg,1920,1080,action,832,430,1092,889
frame605.jpg,1920,1080,action,777,534,1063,975
frame1782.jpg,1920,1080,action,727,287,1065,980
frame2267.jpg,1920,1080,action,812,452,1109,916
frame904.jpg,1920,1080,action,898,375,1165,883
frame2215.jpg,1920,1080,action,925,380,1133,945
frame2286.jpg,1920,1080,action,794,433,1088,929
frame409.jpg,1920,1080,action,675,348,1230,981
frame1867.jpg,1920,1080,action,756,411,1184,1019
frame1245.jpg,1920,1080,action,799,397,1068,918
frame157.jpg,1920,1080,action,890,379,1104,936
frame2213.jpg,1920,1080,action,938,392,1156,943
frame588.jpg,1920,1080,action,787,520,1065,995
frame563.jpg,1920,1080,action,768,532,1053,960
frame528.jpg,1920,1080,action,647,402,1017,1080
frame1455.jpg,1920,1080,action,735,314,1067,963
frame655.jpg,1920,1080,action,724,506,1083,993
frame1798.jpg,1920,1080,action,746,329,1048,1000
frame443.jpg,1920,1080,action,822,393,1095,1023
frame1697.jpg,1920,1080,action,802,345,1141,961
frame559.jpg,1920,1080,action,720,390,1002,954
frame248.jpg,1920,1080,action,823,411,1099,951
frame2441.jpg,1920,1080,action,860,365,1097,961
frame1928.jpg,1920,1080,action,803,431,1112,900
frame1532.jpg,1920,1080,action,816,392,1114,930
frame2210.jpg,1920,1080,action,935,377,1151,960
frame122.jpg,1920,1080,action,607,350,1185,1031
frame275.jpg,1920,1080,action,820,400,1092,938
frame1363.jpg,1920,1080,action,747,344,1147,993
frame975.jpg,1920,1080,action,747,319,947,933
frame1416.jpg,1920,1080,action,784,385,1130,977
frame540.jpg,1920,1080,action,757,430,1055,996
frame869.jpg,1920,1080,action,820,416,1190,954
frame155.jpg,1920,1080,action,892,381,1085,959
frame580.jpg,1920,1080,action,789,385,1032,999
frame885.jpg,1920,1080,action,852,423,1120,956
frame695.jpg,1920,1080,action,758,322,1293,969
frame1399.jpg,1920,1080,action,787,402,1130,1020
frame116.jpg,1920,1080,action,697,336,1192,1029
frame1391.jpg,1920,1080,action,783,340,1145,977
frame2282.jpg,1920,1080,action,788,418,1085,920
frame277.jpg,1920,1080,action,823,410,1101,953
frame260.jpg,1920,1080,action,832,428,1073,933
frame633.jpg,1920,1080,action,800,510,1071,982
frame104.jpg,1920,1080,action,751,336,1208,1018
frame617.jpg,1920,1080,action,783,512,1074,980
frame2319.jpg,1920,1080,action,792,420,1088,922
frame1021.jpg,1920,1080,action,715,368,1068,1015
frame1999.jpg,1920,1080,action,738,352,1126,930
frame1636.jpg,1920,1080,action,804,401,1096,991
frame1227.jpg,1920,1080,action,757,403,1123,916
frame1043.jpg,1920,1080,action,726,262,1113,969
frame65.jpg,1920,1080,action,676,328,1324,1032
frame1665.jpg,1920,1080,action,856,376,1142,980
frame913.jpg,1920,1080,action,882,361,1114,881
frame581.jpg,1920,1080,action,768,385,1010,960
frame2332.jpg,1920,1080,action,804,433,1088,923
frame1458.jpg,1920,1080,action,766,298,1078,969
frame1962.jpg,1920,1080,action,794,431,1096,898
frame1352.jpg,1920,1080,action,740,324,1161,967
frame152.jpg,1920,1080,action,893,376,1098,957
frame86.jpg,1920,1080,action,677,329,1229,1049
frame882.jpg,1920,1080,action,825,408,1133,887
frame1779.jpg,1920,1080,action,749,275,1043,941
frame1545.jpg,1920,1080,action,806,407,1149,928
frame1971.jpg,1920,1080,action,785,429,1101,898
frame1369.jpg,1920,1080,action,764,367,1185,1008
frame950.jpg,1920,1080,action,805,416,1059,935
frame67.jpg,1920,1080,action,667,342,1333,1045
frame458.jpg,1920,1080,action,852,380,1093,1026
frame1633.jpg,1920,1080,action,777,396,1099,994
frame1752.jpg,1920,1080,action,813,269,1118,1014
frame2112.jpg,1920,1080,action,802,416,1102,950
frame180.jpg,1920,1080,action,733,548,1121,1061
frame2150.jpg,1920,1080,action,785,301,1095,943
frame1080.jpg,1920,1080,action,806,399,1063,965
frame1440.jpg,1920,1080,action,813,391,1092,944
frame1534.jpg,1920,1080,action,824,410,1120,951
frame527.jpg,1920,1080,action,666,403,1049,1080
frame1873.jpg,1920,1080,action,735,404,1157,1041
frame1640.jpg,1920,1080,action,823,373,1120,1000
frame222.jpg,1920,1080,action,796,430,1072,922
frame2402.jpg,1920,1080,action,877,388,1097,936
frame285.jpg,1920,1080,action,846,496,1075,963
frame1639.jpg,1920,1080,action,813,406,1092,993
frame1594.jpg,1920,1080,action,694,392,1125,1009
frame1495.jpg,1920,1080,action,777,319,1130,961
frame608.jpg,1920,1080,action,781,527,1071,986
frame2330.jpg,1920,1080,action,814,419,1093,910
frame2306.jpg,1920,1080,action,794,422,1091,927
frame1017.jpg,1920,1080,action,745,389,1119,1017
frame1539.jpg,1920,1080,action,820,415,1118,947
frame455.jpg,1920,1080,action,846,389,1099,998
frame489.jpg,1920,1080,action,820,381,1075,974
frame1818.jpg,1920,1080,action,795,323,1136,984
frame1339.jpg,1920,1080,action,698,387,1088,999
frame2211.jpg,1920,1080,action,923,373,1180,989
frame1880.jpg,1920,1080,action,736,348,1184,1033
frame2162.jpg,1920,1080,action,809,416,1103,928
frame1622.jpg,1920,1080,action,805,393,1102,1026
frame1093.jpg,1920,1080,action,805,401,1048,963
frame697.jpg,1920,1080,action,744,300,1324,1000
frame1059.jpg,1920,1080,action,762,361,1097,972
frame1224.jpg,1920,1080,action,653,595,1044,973
frame61.jpg,1920,1080,action,822,331,1272,979
frame944.jpg,1920,1080,action,855,314,1182,990
frame64.jpg,1920,1080,action,685,342,1324,1035
frame1691.jpg,1920,1080,action,857,390,1127,939
frame1082.jpg,1920,1080,action,809,395,1049,954
frame1054.jpg,1920,1080,action,806,402,1063,980
frame2208.jpg,1920,1080,action,946,358,1134,1007
frame2276.jpg,1920,1080,action,768,446,1093,920
frame2076.jpg,1920,1080,action,812,409,1121,966
frame508.jpg,1920,1080,action,838,395,1057,994
frame1508.jpg,1920,1080,action,768,313,1098,969
frame1394.jpg,1920,1080,action,787,364,1134,972
frame1973.jpg,1920,1080,action,783,416,1093,901
frame1332.jpg,1920,1080,action,784,394,1146,1049
frame2304.jpg,1920,1080,action,807,441,1093,917
frame2095.jpg,1920,1080,action,821,414,1121,961
frame828.jpg,1920,1080,action,786,386,1100,941
frame84.jpg,1920,1080,action,643,336,1247,1045
frame2425.jpg,1920,1080,action,853,356,1116,954
frame1330.jpg,1920,1080,action,799,349,1141,961
frame579.jpg,1920,1080,action,806,379,1015,980
frame1933.jpg,1920,1080,action,802,448,1094,891
frame1964.jpg,1920,1080,action,796,419,1094,899
frame1491.jpg,1920,1080,action,776,306,1039,949
frame550.jpg,1920,1080,action,653,314,1019,976
frame1026.jpg,1920,1080,action,760,371,1076,1016
frame1870.jpg,1920,1080,action,743,410,1177,1017
frame1244.jpg,1920,1080,action,748,391,1104,951
frame2129.jpg,1920,1080,action,773,419,1144,926
frame1888.jpg,1920,1080,action,815,414,1087,907
frame1865.jpg,1920,1080,action,740,310,1108,968
frame114.jpg,1920,1080,action,737,351,1176,1023
frame832.jpg,1920,1080,action,760,360,1120,950
frame2264.jpg,1920,1080,action,809,427,1100,922
frame946.jpg,1920,1080,action,814,409,1083,989
frame1305.jpg,1920,1080,action,870,299,1120,948
frame1566.jpg,1920,1080,action,810,396,1102,939
frame1630.jpg,1920,1080,action,821,389,1136,1005
frame1949.jpg,1920,1080,action,823,459,1088,904
frame1376.jpg,1920,1080,action,721,366,1144,1048
frame690.jpg,1920,1080,action,780,325,1296,978
frame110.jpg,1920,1080,action,745,347,1191,1031
frame504.jpg,1920,1080,action,839,366,1068,979
frame651.jpg,1920,1080,action,748,501,1080,955
frame273.jpg,1920,1080,action,828,422,1096,940
frame2413.jpg,1920,1080,action,895,382,1087,949
frame556.jpg,1920,1080,action,709,393,994,960
frame1222.jpg,1920,1080,action,646,576,1066,986
frame1774.jpg,1920,1080,action,744,248,1038,930
frame1434.jpg,1920,1080,action,831,380,1104,967
frame1256.jpg,1920,1080,action,743,330,1244,992
frame1377.jpg,1920,1080,action,754,354,1125,980
frame290.jpg,1920,1080,action,815,565,1104,964
frame2233.jpg,1920,1080,action,887,362,1138,961
frame25.jpg,1920,1080,action,757,443,1189,1080
frame2197.jpg,1920,1080,action,890,387,1141,985
frame1486.jpg,1920,1080,action,733,301,1045,954
frame1368.jpg,1920,1080,action,803,352,1178,987
frame636.jpg,1920,1080,action,790,513,1076,981
frame1274.jpg,1920,1080,action,839,328,1197,993
frame1303.jpg,1920,1080,action,854,287,1094,961
frame2146.jpg,1920,1080,action,793,385,1126,926
frame1521.jpg,1920,1080,action,778,401,1092,962
frame519.jpg,1920,1080,action,790,401,1148,956
frame2439.jpg,1920,1080,action,911,390,1094,939
frame1571.jpg,1920,1080,action,801,386,1111,962
frame1657.jpg,1920,1080,action,797,358,1137,983
frame1427.jpg,1920,1080,action,840,390,1105,991
frame1629.jpg,1920,1080,action,808,388,1104,1021
frame2180.jpg,1920,1080,action,858,397,1224,1008
frame1990.jpg,1920,1080,action,837,344,1075,942
frame1573.jpg,1920,1080,action,774,406,1126,978
frame1637.jpg,1920,1080,action,802,390,1105,1027
frame144.jpg,1920,1080,action,888,382,1101,942
frame656.jpg,1920,1080,action,732,501,1068,984
frame513.jpg,1920,1080,action,830,400,1048,981
frame811.jpg,1920,1080,action,818,407,1086,932
frame659.jpg,1920,1080,action,718,509,1081,969
frame676.jpg,1920,1080,action,617,392,985,997
frame32.jpg,1920,1080,action,799,442,1096,1080
frame2207.jpg,1920,1080,action,929,359,1093,996
frame1520.jpg,1920,1080,action,820,410,1120,967
frame893.jpg,1920,1080,action,823,372,1120,980
frame1875.jpg,1920,1080,action,743,323,1178,1032
frame1442.jpg,1920,1080,action,749,389,1089,946
frame1382.jpg,1920,1080,action,799,362,1148,990
frame1951.jpg,1920,1080,action,804,453,1092,895
frame1020.jpg,1920,1080,action,703,402,1093,1000
frame836.jpg,1920,1080,action,796,442,1157,928
frame1331.jpg,1920,1080,action,763,377,1198,964
frame79.jpg,1920,1080,action,928,332,1253,1004
frame1011.jpg,1920,1080,action,747,375,1050,1016
frame686.jpg,1920,1080,action,704,405,1006,995
frame1659.jpg,1920,1080,action,817,359,1145,994
frame1879.jpg,1920,1080,action,739,341,1184,1026
frame242.jpg,1920,1080,action,772,442,1094,935
frame1620.jpg,1920,1080,action,805,394,1099,988
frame995.jpg,1920,1080,action,762,377,1075,1013
frame1894.jpg,1920,1080,action,817,391,1099,899
frame1389.jpg,1920,1080,action,775,333,1174,1011
frame1439.jpg,1920,1080,action,802,386,1099,941
frame21.jpg,1920,1080,action,787,448,1101,1079
frame689.jpg,1920,1080,action,756,326,1326,968
frame30.jpg,1920,1080,action,729,434,1207,1080
frame1765.jpg,1920,1080,action,800,257,1100,979
frame1100.jpg,1920,1080,action,751,340,1030,956
frame68.jpg,1920,1080,action,687,340,1323,1041
frame1635.jpg,1920,1080,action,777,403,1123,1002
frame887.jpg,1920,1080,action,832,424,1147,967
frame600.jpg,1920,1080,action,786,522,1061,971
frame1388.jpg,1920,1080,action,752,303,1158,966
frame894.jpg,1920,1080,action,835,347,1125,980
frame520.jpg,1920,1080,action,757,398,1133,970
frame1914.jpg,1920,1080,action,801,427,1104,925
frame2431.jpg,1920,1080,action,863,374,1108,953
frame1311.jpg,1920,1080,action,738,303,1168,1005
frame1696.jpg,1920,1080,action,814,350,1162,958
frame515.jpg,1920,1080,action,847,404,1057,979
frame2191.jpg,1920,1080,action,881,390,1141,991
frame2327.jpg,1920,1080,action,786,436,1094,912
frame1801.jpg,1920,1080,action,868,316,1135,999
frame24.jpg,1920,1080,action,747,444,1184,1080
frame1560.jpg,1920,1080,action,760,356,1106,1040
frame2236.jpg,1920,1080,action,895,371,1154,945
frame2262.jpg,1920,1080,action,773,419,1103,917
frame1478.jpg,1920,1080,action,753,315,1073,966
frame1553.jpg,1920,1080,action,770,350,1108,964
frame1284.jpg,1920,1080,action,723,309,1334,995
frame1757.jpg,1920,1080,action,807,282,1117,970
frame2141.jpg,1920,1080,action,789,400,1142,957
frame621.jpg,1920,1080,action,794,504,1082,993
frame662.jpg,1920,1080,action,712,494,1058,988
frame821.jpg,1920,1080,action,795,373,1018,940
frame1587.jpg,1920,1080,action,724,380,1147,1008
frame1905.jpg,1920,1080,action,817,420,1098,900
frame1850.jpg,1920,1080,action,781,337,1167,966
frame2423.jpg,1920,1080,action,896,357,1094,949
frame1050.jpg,1920,1080,action,809,319,1060,946
frame1650.jpg,1920,1080,action,787,378,1127,993
frame484.jpg,1920,1080,action,826,381,1057,969
frame1786.jpg,1920,1080,action,756,325,1084,980
frame1945.jpg,1920,1080,action,811,455,1124,895
frame606.jpg,1920,1080,action,779,517,1068,980
frame932.jpg,1920,1080,action,884,397,1138,995
frame1076.jpg,1920,1080,action,797,397,1075,993
frame517.jpg,1920,1080,action,876,390,1137,962
frame1510.jpg,1920,1080,action,809,374,1152,1012
frame1253.jpg,1920,1080,action,763,317,1291,996
frame1839.jpg,1920,1080,action,714,356,1071,1065
frame1355.jpg,1920,1080,action,786,374,1150,1025
frame808.jpg,1920,1080,action,787,425,1105,992
frame1937.jpg,1920,1080,action,822,455,1087,893
frame1581.jpg,1920,1080,action,819,388,1105,945
frame173.jpg,1920,1080,action,845,361,1096,971
frame2234.jpg,1920,1080,action,929,395,1124,982
frame1298.jpg,1920,1080,action,737,304,1086,946
frame958.jpg,1920,1080,action,812,401,1059,947
frame420.jpg,1920,1080,action,682,336,1261,990
frame625.jpg,1920,1080,action,785,508,1110,994
frame2103.jpg,1920,1080,action,833,420,1124,969
frame1511.jpg,1920,1080,action,764,311,1098,971
frame553.jpg,1920,1080,action,795,382,999,979
frame1041.jpg,1920,1080,action,835,306,1020,945
frame1932.jpg,1920,1080,action,817,460,1103,886
frame1541.jpg,1920,1080,action,826,375,1117,945
frame500.jpg,1920,1080,action,824,388,1059,975
frame128.jpg,1920,1080,action,531,342,1182,1052
frame2188.jpg,1920,1080,action,842,400,1127,963
frame6.jpg,1920,1080,action,786,443,1119,1080
frame1437.jpg,1920,1080,action,783,387,1132,970
frame2335.jpg,1920,1080,action,806,435,1091,921
frame176.jpg,1920,1080,action,823,377,1093,953
frame276.jpg,1920,1080,action,810,390,1078,921
frame480.jpg,1920,1080,action,832,376,1063,966
frame1075.jpg,1920,1080,action,800,420,1075,966
frame929.jpg,1920,1080,action,864,398,1175,990
frame1220.jpg,1920,1080,action,704,524,1027,983
frame1350.jpg,1920,1080,action,796,374,1131,977
frame2259.jpg,1920,1080,action,804,422,1090,927
frame861.jpg,1920,1080,action,721,394,958,963
frame1034.jpg,1920,1080,action,730,375,1132,1037
frame1588.jpg,1920,1080,action,656,374,1136,982
frame908.jpg,1920,1080,action,902,374,1125,895
frame220.jpg,1920,1080,action,800,426,1100,934
frame2242.jpg,1920,1080,action,854,443,1058,947
frame1333.jpg,1920,1080,action,790,379,1129,993
frame1308.jpg,1920,1080,action,815,313,1168,1009
frame657.jpg,1920,1080,action,727,500,1081,970
frame675.jpg,1920,1080,action,672,399,966,990
frame137.jpg,1920,1080,action,878,373,1103,945
frame1418.jpg,1920,1080,action,836,380,1105,967
frame2124.jpg,1920,1080,action,787,413,1096,926
frame1319.jpg,1920,1080,action,732,251,1014,992
frame165.jpg,1920,1080,action,856,453,1233,1038
frame2314.jpg,1920,1080,action,795,430,1093,921
frame582.jpg,1920,1080,action,793,389,1042,996
frame199.jpg,1920,1080,action,840,427,1077,929
frame1302.jpg,1920,1080,action,841,304,1113,996
frame1271.jpg,1920,1080,action,811,332,1240,995
frame1031.jpg,1920,1080,action,759,391,1124,1014
frame2295.jpg,1920,1080,action,792,437,1100,916
frame1248.jpg,1920,1080,action,705,325,1295,1010
frame2243.jpg,1920,1080,action,872,436,1061,932
frame911.jpg,1920,1080,action,882,380,1102,940
frame2447.jpg,1920,1080,action,901,400,1111,935
frame164.jpg,1920,1080,action,877,489,1213,1050
frame594.jpg,1920,1080,action,794,509,1080,988
frame915.jpg,1920,1080,action,900,388,1115,907
frame941.jpg,1920,1080,action,738,353,1198,1008
frame602.jpg,1920,1080,action,792,532,1072,988
frame179.jpg,1920,1080,action,843,470,1117,1054
frame1261.jpg,1920,1080,action,773,321,1263,992
frame820.jpg,1920,1080,action,823,381,1036,958
frame1484.jpg,1920,1080,action,640,293,1050,972
frame668.jpg,1920,1080,action,694,490,1106,976
frame2277.jpg,1920,1080,action,802,430,1093,911
frame2407.jpg,1920,1080,action,902,376,1103,953
frame884.jpg,1920,1080,action,850,423,1088,966
frame572.jpg,1920,1080,action,784,455,1047,943
frame652.jpg,1920,1080,action,765,521,1120,976
frame472.jpg,1920,1080,action,848,399,1064,952
frame2151.jpg,1920,1080,action,809,329,1100,953
frame132.jpg,1920,1080,action,490,356,1205,1051
frame1663.jpg,1920,1080,action,837,381,1133,996
frame249.jpg,1920,1080,action,827,431,1068,931
frame2084.jpg,1920,1080,action,829,422,1135,950
frame2443.jpg,1920,1080,action,878,361,1100,962
frame1887.jpg,1920,1080,action,797,405,1091,907
frame1772.jpg,1920,1080,action,810,274,1059,919
frame2135.jpg,1920,1080,action,819,428,1116,919
frame926.jpg,1920,1080,action,816,372,1158,1010
frame477.jpg,1920,1080,action,837,397,1071,969
frame497.jpg,1920,1080,action,846,379,1101,990
frame899.jpg,1920,1080,action,891,383,1124,881
frame1374.jpg,1920,1080,action,785,389,1146,983
frame2220.jpg,1920,1080,action,884,304,1162,945
frame960.jpg,1920,1080,action,792,380,1101,978
frame146.jpg,1920,1080,action,878,356,1120,954
frame98.jpg,1920,1080,action,727,332,1211,1014
frame12.jpg,1920,1080,action,781,452,1134,1080
frame1764.jpg,1920,1080,action,763,268,1137,1010
frame516.jpg,1920,1080,action,879,378,1119,959
frame1412.jpg,1920,1080,action,803,385,1109,986
frame2326.jpg,1920,1080,action,794,419,1103,886
frame431.jpg,1920,1080,action,686,346,1257,981
frame2231.jpg,1920,1080,action,878,355,1146,953
frame679.jpg,1920,1080,action,621,397,936,981
frame1040.jpg,1920,1080,action,805,325,1021,937
frame1408.jpg,1920,1080,action,803,396,1149,953
frame2096.jpg,1920,1080,action,798,421,1139,954
frame161.jpg,1920,1080,action,901,443,1198,987
frame1609.jpg,1920,1080,action,747,402,1105,1008
frame2121.jpg,1920,1080,action,795,417,1097,936
frame166.jpg,1920,1080,action,887,464,1229,1036
frame196.jpg,1920,1080,action,814,429,1098,931
frame236.jpg,1920,1080,action,813,416,1082,922
frame956.jpg,1920,1080,action,805,406,1107,955
frame1039.jpg,1920,1080,action,720,378,1137,1025
frame1668.jpg,1920,1080,action,861,378,1125,923
frame460.jpg,1920,1080,action,861,363,1089,1000
frame1608.jpg,1920,1080,action,780,383,1096,1011
frame99.jpg,1920,1080,action,742,338,1226,1029
frame1610.jpg,1920,1080,action,760,402,1101,1030
frame969.jpg,1920,1080,action,798,377,1071,985
frame907.jpg,1920,1080,action,893,392,1122,890
frame2182.jpg,1920,1080,action,857,404,1349,984
frame1828.jpg,1920,1080,action,824,365,1145,996
frame671.jpg,1920,1080,action,724,413,1008,989
frame1023.jpg,1920,1080,action,754,379,1088,1016
frame2294.jpg,1920,1080,action,788,433,1104,913
frame2209.jpg,1920,1080,action,922,331,1132,966
frame193.jpg,1920,1080,action,825,424,1089,933
frame1241.jpg,1920,1080,action,775,399,1142,930
frame263.jpg,1920,1080,action,822,423,1075,933
frame257.jpg,1920,1080,action,825,414,1077,925
frame1992.jpg,1920,1080,action,812,404,1094,929
frame1396.jpg,1920,1080,action,826,393,1101,971
frame1032.jpg,1920,1080,action,755,392,1083,1020
frame2336.jpg,1920,1080,action,808,406,1096,913
frame844.jpg,1920,1080,action,807,580,1124,941
frame1556.jpg,1920,1080,action,838,396,1088,966
frame77.jpg,1920,1080,action,673,340,1249,1038
frame1855.jpg,1920,1080,action,797,356,1205,1014
frame1963.jpg,1920,1080,action,802,415,1096,887
frame1505.jpg,1920,1080,action,819,321,1122,980
frame661.jpg,1920,1080,action,728,511,1069,990
frame1576.jpg,1920,1080,action,784,414,1106,966
frame978.jpg,1920,1080,action,746,293,995,947
frame641.jpg,1920,1080,action,778,501,1124,995
frame1.jpg,1920,1080,action,794,455,1113,1080
frame478.jpg,1920,1080,action,856,394,1037,986
frame94.jpg,1920,1080,action,753,332,1205,1003
frame1250.jpg,1920,1080,action,768,329,1234,978
frame295.jpg,1920,1080,action,829,430,1071,950
frame1857.jpg,1920,1080,action,736,275,1129,958
frame2309.jpg,1920,1080,action,807,439,1095,921
frame183.jpg,1920,1080,action,765,667,1123,1068
frame2418.jpg,1920,1080,action,875,371,1106,942
frame1812.jpg,1920,1080,action,814,340,1126,980
frame842.jpg,1920,1080,action,800,585,1117,948
frame1417.jpg,1920,1080,action,834,379,1109,966
frame1373.jpg,1920,1080,action,741,356,1146,998
frame1482.jpg,1920,1080,action,710,292,1047,975
frame864.jpg,1920,1080,action,855,394,1076,935
frame994.jpg,1920,1080,action,758,362,1060,1003
frame1773.jpg,1920,1080,action,789,352,1175,962
frame1954.jpg,1920,1080,action,789,433,1116,896
frame228.jpg,1920,1080,action,795,416,1086,934
frame289.jpg,1920,1080,action,839,575,1102,963
frame2110.jpg,1920,1080,action,819,403,1148,936
frame1366.jpg,1920,1080,action,775,332,1175,973
frame823.jpg,1920,1080,action,751,381,1106,960
frame682.jpg,1920,1080,action,558,378,994,1016
frame267.jpg,1920,1080,action,834,426,1095,936
frame1087.jpg,1920,1080,action,797,373,1083,1009
frame2432.jpg,1920,1080,action,892,365,1087,946
frame1645.jpg,1920,1080,action,801,378,1142,1010
frame1372.jpg,1920,1080,action,822,376,1142,990
frame2340.jpg,1920,1080,action,821,420,1093,922
frame1667.jpg,1920,1080,action,810,380,1160,953
frame1044.jpg,1920,1080,action,801,284,1095,954
frame1433.jpg,1920,1080,action,817,365,1094,968
frame635.jpg,1920,1080,action,815,507,1071,975
frame879.jpg,1920,1080,action,823,423,1104,848
frame481.jpg,1920,1080,action,842,384,1084,977
frame2251.jpg,1920,1080,action,861,434,1055,939
frame831.jpg,1920,1080,action,737,379,1125,956
frame1814.jpg,1920,1080,action,820,328,1156,983
frame917.jpg,1920,1080,action,844,402,1154,982
frame2088.jpg,1920,1080,action,821,420,1136,969
frame871.jpg,1920,1080,action,817,455,1145,927
frame1385.jpg,1920,1080,action,757,349,1181,982
frame2106.jpg,1920,1080,action,836,427,1136,950
frame454.jpg,1920,1080,action,852,372,1101,984
frame2155.jpg,1920,1080,action,788,333,1104,934
frame108.jpg,1920,1080,action,721,342,1192,1034
frame1473.jpg,1920,1080,action,721,296,1115,955
frame597.jpg,1920,1080,action,801,488,1071,977
frame11.jpg,1920,1080,action,777,442,1123,1071
frame1868.jpg,1920,1080,action,741,355,1179,1010
frame46.jpg,1920,1080,action,790,454,1108,1080
frame1296.jpg,1920,1080,action,756,347,1148,943
frame1500.jpg,1920,1080,action,740,312,1081,970
frame2322.jpg,1920,1080,action,814,422,1088,916
frame892.jpg,1920,1080,action,837,397,1130,967
frame1672.jpg,1920,1080,action,814,365,1141,946
frame204.jpg,1920,1080,action,811,425,1080,940
frame1459.jpg,1920,1080,action,753,327,1080,947
frame922.jpg,1920,1080,action,808,376,1128,980
frame1361.jpg,1920,1080,action,787,381,1193,987
frame1062.jpg,1920,1080,action,801,392,1065,972
frame417.jpg,1920,1080,action,685,351,1294,980
frame1860.jpg,1920,1080,action,754,287,1086,975
frame1461.jpg,1920,1080,action,731,318,1029,964
frame1885.jpg,1920,1080,action,914,378,1102,968
frame52.jpg,1920,1080,action,691,325,1204,1037
frame604.jpg,1920,1080,action,773,517,1070,969
frame1242.jpg,1920,1080,action,774,404,1100,916
frame452.jpg,1920,1080,action,836,397,1071,1007
frame254.jpg,1920,1080,action,825,420,1080,933
frame1827.jpg,1920,1080,action,809,325,1137,951
frame843.jpg,1920,1080,action,799,597,1108,966
frame1014.jpg,1920,1080,action,739,376,1120,1014
frame286.jpg,1920,1080,action,824,523,1090,967
frame1655.jpg,1920,1080,action,814,358,1170,1007
frame1395.jpg,1920,1080,action,803,377,1134,978
frame2435.jpg,1920,1080,action,894,362,1104,950
frame2246.jpg,1920,1080,action,863,422,1067,948
frame1337.jpg,1920,1080,action,653,341,1102,959
frame2126.jpg,1920,1080,action,796,428,1098,934
frame544.jpg,1920,1080,action,841,380,1061,974
frame1263.jpg,1920,1080,action,723,321,1287,998
frame815.jpg,1920,1080,action,775,441,1108,939
frame270.jpg,1920,1080,action,837,417,1080,945
frame539.jpg,1920,1080,action,715,495,1053,1024
frame1502.jpg,1920,1080,action,780,311,1088,977
frame1443.jpg,1920,1080,action,780,419,1145,1019
frame1638.jpg,1920,1080,action,806,399,1106,997
frame2446.jpg,1920,1080,action,891,373,1126,947
frame1285.jpg,1920,1080,action,730,326,1334,968
frame159.jpg,1920,1080,action,885,410,1118,953
frame1512.jpg,1920,1080,action,781,320,1066,942
frame991.jpg,1920,1080,action,754,347,1071,1015
frame1915.jpg,1920,1080,action,814,428,1104,911
frame862.jpg,1920,1080,action,722,395,962,927
frame150.jpg,1920,1080,action,882,381,1106,954
frame1218.jpg,1920,1080,action,719,527,1047,984
frame401.jpg,1920,1080,action,577,356,1270,1026
frame1653.jpg,1920,1080,action,799,368,1127,988
frame1939.jpg,1920,1080,action,797,454,1106,905
frame2113.jpg,1920,1080,action,811,414,1117,945
frame1834.jpg,1920,1080,action,839,338,1130,977
frame568.jpg,1920,1080,action,778,500,1050,955
frame234.jpg,1920,1080,action,807,404,1088,936
frame1688.jpg,1920,1080,action,843,369,1117,955
frame288.jpg,1920,1080,action,833,545,1105,959
frame1345.jpg,1920,1080,action,696,250,1104,1020
frame2127.jpg,1920,1080,action,806,415,1112,939
frame1016.jpg,1920,1080,action,723,359,1149,1013
frame1607.jpg,1920,1080,action,800,398,1110,1015
frame624.jpg,1920,1080,action,805,502,1081,1004
frame280.jpg,1920,1080,action,829,525,1071,960
frame684.jpg,1920,1080,action,678,409,970,1001
frame1052.jpg,1920,1080,action,803,381,1065,985
frame1383.jpg,1920,1080,action,768,362,1140,1034
frame1869.jpg,1920,1080,action,733,412,1196,1027
frame2085.jpg,1920,1080,action,808,407,1149,956
frame271.jpg,1920,1080,action,812,423,1090,939
frame245.jpg,1920,1080,action,820,426,1102,937
frame1257.jpg,1920,1080,action,749,320,1244,1003
frame1837.jpg,1920,1080,action,823,308,1144,974
frame1549.jpg,1920,1080,action,798,388,1090,943
frame2302.jpg,1920,1080,action,812,437,1097,923
frame215.jpg,1920,1080,action,782,419,1084,930
frame940.jpg,1920,1080,action,822,339,1169,983
frame2090.jpg,1920,1080,action,820,439,1140,960
frame1647.jpg,1920,1080,action,795,378,1136,993
frame2278.jpg,1920,1080,action,773,451,1107,935
frame575.jpg,1920,1080,action,813,403,1032,965
frame1436.jpg,1920,1080,action,812,385,1104,954
frame1977.jpg,1920,1080,action,805,431,1103,898
frame2198.jpg,1920,1080,action,884,402,1145,977
frame2079.jpg,1920,1080,action,823,421,1132,956
frame3.jpg,1920,1080,action,786,445,1114,1079
frame1695.jpg,1920,1080,action,823,390,1144,970
frame1698.jpg,1920,1080,action,819,283,1134,948
frame1882.jpg,1920,1080,action,688,505,1196,1035
frame178.jpg,1920,1080,action,838,413,1091,971
frame903.jpg,1920,1080,action,892,382,1157,898
frame182.jpg,1920,1080,action,744,638,1113,1064
frame856.jpg,1920,1080,action,769,409,1083,928
frame1529.jpg,1920,1080,action,783,375,1130,945
frame1994.jpg,1920,1080,action,728,374,1126,927
frame627.jpg,1920,1080,action,796,516,1085,983
frame1624.jpg,1920,1080,action,769,377,1114,987
frame692.jpg,1920,1080,action,741,295,1320,969
frame189.jpg,1920,1080,action,802,413,1093,937
frame1027.jpg,1920,1080,action,759,395,1098,1010
frame935.jpg,1920,1080,action,855,381,1141,1011
frame102.jpg,1920,1080,action,762,337,1192,1012
frame2311.jpg,1920,1080,action,788,437,1097,919
frame1694.jpg,1920,1080,action,787,336,1137,933
frame90.jpg,1920,1080,action,627,342,1229,1038
frame1246.jpg,1920,1080,action,675,317,1290,1010
frame8.jpg,1920,1080,action,781,448,1136,1079
frame1029.jpg,1920,1080,action,749,394,1088,1014
frame1804.jpg,1920,1080,action,814,359,1137,1000
frame1429.jpg,1920,1080,action,806,381,1103,964
frame1925.jpg,1920,1080,action,819,429,1105,922
frame1982.jpg,1920,1080,action,888,361,1118,939
frame1096.jpg,1920,1080,action,759,325,1056,949
frame1856.jpg,1920,1080,action,837,367,1170,1004
frame1900.jpg,1920,1080,action,822,422,1085,893
frame2149.jpg,1920,1080,action,791,419,1094,935
frame499.jpg,1920,1080,action,837,371,1061,991
frame1024.jpg,1920,1080,action,756,365,1089,1006
frame2323.jpg,1920,1080,action,803,422,1075,916
frame1475.jpg,1920,1080,action,720,307,1078,954
frame1641.jpg,1920,1080,action,814,380,1110,1002
frame2238.jpg,1920,1080,action,844,427,1111,963
frame674.jpg,1920,1080,action,705,398,996,968
frame43.jpg,1920,1080,action,791,451,1104,1079
frame238.jpg,1920,1080,action,777,418,1109,943
frame1477.jpg,1920,1080,action,760,319,1106,984
frame548.jpg,1920,1080,action,805,395,1026,995
frame296.jpg,1920,1080,action,834,393,1062,946
frame1821.jpg,1920,1080,action,791,345,1152,982
frame2203.jpg,1920,1080,action,883,390,1142,968
frame440.jpg,1920,1080,action,839,406,1080,1018
frame2296.jpg,1920,1080,action,814,434,1093,936
frame158.jpg,1920,1080,action,892,379,1104,985
frame13.jpg,1920,1080,action,775,447,1139,1075
frame1086.jpg,1920,1080,action,766,429,1101,966
frame1420.jpg,1920,1080,action,820,394,1142,968
frame524.jpg,1920,1080,action,668,417,1095,1080
frame225.jpg,1920,1080,action,820,423,1082,938
frame1570.jpg,1920,1080,action,799,406,1105,949
frame984.jpg,1920,1080,action,673,533,970,937
frame428.jpg,1920,1080,action,705,360,1233,970
frame567.jpg,1920,1080,action,775,494,1048,951
frame507.jpg,1920,1080,action,843,409,1047,979
frame629.jpg,1920,1080,action,791,513,1063,975
frame2405.jpg,1920,1080,action,908,380,1123,955
frame446.jpg,1920,1080,action,849,389,1107,1022
frame106.jpg,1920,1080,action,753,347,1205,1031
frame1226.jpg,1920,1080,action,805,384,1099,965
frame1206.jpg,1920,1080,action,752,396,1043,1002
frame2426.jpg,1920,1080,action,885,378,1101,967
frame1347.jpg,1920,1080,action,737,365,1157,987
frame421.jpg,1920,1080,action,705,352,1255,989
frame70.jpg,1920,1080,action,677,333,1300,1034
frame1796.jpg,1920,1080,action,769,157,1023,953
frame1758.jpg,1920,1080,action,820,287,1104,967
frame1908.jpg,1920,1080,action,830,442,1087,899
frame1840.jpg,1920,1080,action,822,362,1150,973
frame2250.jpg,1920,1080,action,861,430,1079,936
frame1783.jpg,1920,1080,action,737,237,1043,953
frame1943.jpg,1920,1080,action,809,446,1099,905
frame803.jpg,1920,1080,action,803,419,1087,956
frame1205.jpg,1920,1080,action,741,375,1052,976
frame948.jpg,1920,1080,action,806,394,1094,959
frame2307.jpg,1920,1080,action,798,439,1077,914
frame298.jpg,1920,1080,action,837,427,1082,938
frame1795.jpg,1920,1080,action,794,321,1202,977
frame618.jpg,1920,1080,action,780,514,1084,984
frame1835.jpg,1920,1080,action,838,356,1126,968
frame109.jpg,1920,1080,action,727,343,1208,1020
frame1513.jpg,1920,1080,action,802,393,1096,997
frame1058.jpg,1920,1080,action,754,388,1098,979
frame1806.jpg,1920,1080,action,843,373,1134,1000
frame1407.jpg,1920,1080,action,803,399,1131,963
frame646.jpg,1920,1080,action,790,518,1081,984
frame1518.jpg,1920,1080,action,775,386,1093,974
frame50.jpg,1920,1080,action,687,313,1215,1040
frame117.jpg,1920,1080,action,697,338,1183,1029
frame2164.jpg,1920,1080,action,818,412,1103,936
frame1522.jpg,1920,1080,action,813,390,1113,966
frame1808.jpg,1920,1080,action,815,345,1147,990
frame1268.jpg,1920,1080,action,802,335,1239,992
frame471.jpg,1920,1080,action,847,386,1048,974
frame15.jpg,1920,1080,action,767,450,1142,1079
frame19.jpg,1920,1080,action,758,451,1171,1079
frame1018.jpg,1920,1080,action,735,395,1069,1033
frame490.jpg,1920,1080,action,827,400,1044,962
frame2328.jpg,1920,1080,action,791,420,1101,925
frame221.jpg,1920,1080,action,802,429,1076,923
frame2177.jpg,1920,1080,action,903,416,1107,1003
frame2186.jpg,1920,1080,action,880,378,1151,974
frame1078.jpg,1920,1080,action,804,388,1061,980
frame827.jpg,1920,1080,action,783,401,1285,1080
frame1251.jpg,1920,1080,action,768,318,1233,998
frame854.jpg,1920,1080,action,752,383,1042,917
frame976.jpg,1920,1080,action,721,312,937,943
frame2349.jpg,1920,1080,action,810,424,1092,913
frame601.jpg,1920,1080,action,793,516,1061,983
frame1049.jpg,1920,1080,action,801,309,1060,944
frame1506.jpg,1920,1080,action,790,322,1128,967
frame1252.jpg,1920,1080,action,736,323,1292,994
frame551.jpg,1920,1080,action,673,313,1023,984
frame2291.jpg,1920,1080,action,801,410,1111,923
frame1006.jpg,1920,1080,action,722,357,1102,1001
frame549.jpg,1920,1080,action,762,322,1045,982
frame1598.jpg,1920,1080,action,752,372,1126,999
frame213.jpg,1920,1080,action,805,414,1078,927
frame1829.jpg,1920,1080,action,820,415,1132,966
frame2442.jpg,1920,1080,action,894,364,1072,946
frame2217.jpg,1920,1080,action,911,421,1202,939
frame2273.jpg,1920,1080,action,792,427,1112,935
frame1223.jpg,1920,1080,action,686,585,1037,1001
frame833.jpg,1920,1080,action,787,379,1120,962
frame2422.jpg,1920,1080,action,873,374,1098,953
frame470.jpg,1920,1080,action,862,399,1095,984
frame113.jpg,1920,1080,action,707,349,1206,1018
frame1580.jpg,1920,1080,action,781,365,1116,965
frame837.jpg,1920,1080,action,782,448,1125,946
frame2173.jpg,1920,1080,action,905,390,1081,991
frame1009.jpg,1920,1080,action,738,381,1116,1009
frame1574.jpg,1920,1080,action,835,397,1144,1003
frame2100.jpg,1920,1080,action,830,441,1151,962
frame7.jpg,1920,1080,action,783,443,1125,1080
frame916.jpg,1920,1080,action,877,375,1150,894
frame2416.jpg,1920,1080,action,881,369,1088,944
frame845.jpg,1920,1080,action,807,558,1136,969
frame2176.jpg,1920,1080,action,918,389,1089,1005
frame1917.jpg,1920,1080,action,820,421,1092,914
frame660.jpg,1920,1080,action,731,504,1087,991
frame34.jpg,1920,1080,action,718,422,932,981
frame34.jpg,1920,1080,action,985,544,1246,1080
frame1593.jpg,1920,1080,action,752,412,1099,1021
frame2000.jpg,1920,1080,action,800,369,1109,946
frame1800.jpg,1920,1080,action,850,335,1138,974
frame1360.jpg,1920,1080,action,751,368,1174,996
frame1923.jpg,1920,1080,action,826,428,1095,909
frame1658.jpg,1920,1080,action,871,374,1146,961
frame1778.jpg,1920,1080,action,712,241,1078,925
frame1602.jpg,1920,1080,action,796,386,1099,987
frame1269.jpg,1920,1080,action,797,324,1260,998
frame1397.jpg,1920,1080,action,806,344,1112,969
frame209.jpg,1920,1080,action,800,413,1081,935
frame406.jpg,1920,1080,action,568,359,1291,1006
frame42.jpg,1920,1080,action,687,424,903,952
frame42.jpg,1920,1080,action,1048,568,1308,1080
frame569.jpg,1920,1080,action,791,520,1059,946
frame1005.jpg,1920,1080,action,765,397,1108,1003
frame78.jpg,1920,1080,action,650,345,1251,1051
frame224.jpg,1920,1080,action,834,415,1085,939
frame107.jpg,1920,1080,action,710,344,1185,1020
frame2342.jpg,1920,1080,action,809,420,1091,922
frame1509.jpg,1920,1080,action,744,378,1107,1037
frame2235.jpg,1920,1080,action,887,365,1150,961
frame561.jpg,1920,1080,action,732,444,1020,964
frame534.jpg,1920,1080,action,644,673,1013,1080
frame1069.jpg,1920,1080,action,727,374,1082,992
frame1404.jpg,1920,1080,action,829,393,1120,981
frame160.jpg,1920,1080,action,896,424,1114,945
frame1858.jpg,1920,1080,action,747,308,1100,928
frame1323.jpg,1920,1080,action,745,381,1145,1018
frame998.jpg,1920,1080,action,738,372,1035,999
frame1648.jpg,1920,1080,action,821,347,1139,982
frame822.jpg,1920,1080,action,777,377,1060,960
frame2279.jpg,1920,1080,action,811,427,1091,929
frame1674.jpg,1920,1080,action,814,295,1122,936
frame468.jpg,1920,1080,action,862,380,1086,990
frame968.jpg,1920,1080,action,794,389,1084,930
frame2237.jpg,1920,1080,action,858,441,1087,939
frame445.jpg,1920,1080,action,832,389,1075,1016
frame930.jpg,1920,1080,action,870,395,1153,1008
frame1441.jpg,1920,1080,action,810,382,1088,942
frame1538.jpg,1920,1080,action,790,399,1108,945
frame1968.jpg,1920,1080,action,783,419,1101,906
frame1919.jpg,1920,1080,action,820,435,1095,898
frame591.jpg,1920,1080,action,790,517,1081,970
frame1281.jpg,1920,1080,action,745,305,1329,979
frame1524.jpg,1920,1080,action,801,400,1117,961
frame814.jpg,1920,1080,action,766,444,1110,922
frame1232.jpg,1920,1080,action,777,403,1122,931
frame2143.jpg,1920,1080,action,774,406,1142,955
frame441.jpg,1920,1080,action,829,388,1083,1004
frame989.jpg,1920,1080,action,657,299,1010,930
frame807.jpg,1920,1080,action,789,424,1113,971
frame2115.jpg,1920,1080,action,812,414,1109,924
frame175.jpg,1920,1080,action,816,367,1106,966
frame1938.jpg,1920,1080,action,815,450,1098,903
frame272.jpg,1920,1080,action,819,420,1076,933
frame1343.jpg,1920,1080,action,740,380,1185,1029
frame120.jpg,1920,1080,action,657,335,1199,1021
frame1051.jpg,1920,1080,action,808,308,1050,936
frame53.jpg,1920,1080,action,681,313,1221,1048
frame463.jpg,1920,1080,action,853,394,1099,993
frame818.jpg,1920,1080,action,817,375,1074,962
frame140.jpg,1920,1080,action,891,380,1098,948
frame2411.jpg,1920,1080,action,907,384,1091,947
frame506.jpg,1920,1080,action,828,400,1048,973
frame492.jpg,1920,1080,action,829,379,1064,990
frame2260.jpg,1920,1080,action,807,432,1119,912
frame2252.jpg,1920,1080,action,862,434,1066,941
frame240.jpg,1920,1080,action,780,440,1079,926
frame2292.jpg,1920,1080,action,816,406,1088,925
frame1315.jpg,1920,1080,action,476,294,1135,1037
frame2241.jpg,1920,1080,action,862,439,1066,941
frame1215.jpg,1920,1080,action,723,523,1020,974
frame1897.jpg,1920,1080,action,834,419,1084,899
frame37.jpg,1920,1080,action,700,419,938,960
frame37.jpg,1920,1080,action,1003,554,1278,1079
frame850.jpg,1920,1080,action,727,394,972,928
frame877.jpg,1920,1080,action,803,402,1130,869
frame1777.jpg,1920,1080,action,757,262,1042,902
frame518.jpg,1920,1080,action,831,402,1143,993
frame2284.jpg,1920,1080,action,811,434,1096,934
frame934.jpg,1920,1080,action,869,409,1146,966
frame462.jpg,1920,1080,action,853,375,1087,982
frame403.jpg,1920,1080,action,562,354,1280,996
frame1807.jpg,1920,1080,action,866,340,1147,995
frame999.jpg,1920,1080,action,774,399,1092,997
frame408.jpg,1920,1080,action,657,379,1204,970
frame1517.jpg,1920,1080,action,753,406,1096,984
frame171.jpg,1920,1080,action,966,528,1321,1057
frame1911.jpg,1920,1080,action,817,434,1109,903
frame1891.jpg,1920,1080,action,817,412,1084,896
frame40.jpg,1920,1080,action,685,429,927,949
frame40.jpg,1920,1080,action,1030,552,1307,1080
frame2.jpg,1920,1080,action,790,448,1113,1079
frame867.jpg,1920,1080,action,840,372,1072,963
frame1260.jpg,1920,1080,action,783,290,1262,1019
frame181.jpg,1920,1080,action,752,622,1098,1056
frame1601.jpg,1920,1080,action,749,304,1098,991
frame1000.jpg,1920,1080,action,714,389,1088,1038
frame1042.jpg,1920,1080,action,731,322,1129,934
frame1618.jpg,1920,1080,action,765,392,1090,1038
frame287.jpg,1920,1080,action,837,511,1087,964
frame855.jpg,1920,1080,action,776,365,1100,930
frame299.jpg,1920,1080,action,834,403,1057,937
frame226.jpg,1920,1080,action,810,419,1100,944
frame986.jpg,1920,1080,action,665,514,995,936
frame609.jpg,1920,1080,action,780,518,1077,1016
frame1787.jpg,1920,1080,action,768,280,1041,962
frame590.jpg,1920,1080,action,787,524,1077,972
frame1390.jpg,1920,1080,action,731,361,1161,989
frame514.jpg,1920,1080,action,827,400,1068,989
frame432.jpg,1920,1080,action,690,366,1248,974
frame1583.jpg,1920,1080,action,789,390,1132,966
frame1603.jpg,1920,1080,action,802,413,1125,1003
frame1336.jpg,1920,1080,action,710,341,1121,937
frame1249.jpg,1920,1080,action,697,340,1260,960
frame1068.jpg,1920,1080,action,791,408,1077,1002
frame851.jpg,1920,1080,action,738,382,967,942
frame512.jpg,1920,1080,action,829,386,1066,976
frame283.jpg,1920,1080,action,844,576,1075,988
frame1784.jpg,1920,1080,action,792,319,1168,977
frame483.jpg,1920,1080,action,837,380,1082,966
frame1270.jpg,1920,1080,action,800,331,1219,992
frame153.jpg,1920,1080,action,896,380,1094,955
frame1356.jpg,1920,1080,action,743,342,1153,1003
frame2313.jpg,1920,1080,action,797,430,1093,919
frame1217.jpg,1920,1080,action,719,547,1023,986
frame1456.jpg,1920,1080,action,762,314,1065,965
frame1312.jpg,1920,1080,action,576,260,1102,1007
frame1664.jpg,1920,1080,action,832,384,1118,971
frame963.jpg,1920,1080,action,801,393,1065,969
frame485.jpg,1920,1080,action,826,384,1067,979
frame1255.jpg,1920,1080,action,744,336,1227,988
frame1578.jpg,1920,1080,action,813,397,1132,965
frame1844.jpg,1920,1080,action,851,341,1155,988
frame939.jpg,1920,1080,action,886,357,1151,974
frame2190.jpg,1920,1080,action,878,366,1120,983
frame2333.jpg,1920,1080,action,798,406,1084,914
frame1831.jpg,1920,1080,action,770,331,1166,987
frame2077.jpg,1920,1080,action,818,413,1127,959
frame1221.jpg,1920,1080,action,708,565,1044,977
frame501.jpg,1920,1080,action,832,383,1063,985
frame239.jpg,1920,1080,action,790,433,1076,930
frame2093.jpg,1920,1080,action,808,429,1125,957
frame1299.jpg,1920,1080,action,763,372,1093,1057
frame1895.jpg,1920,1080,action,823,416,1088,903
frame135.jpg,1920,1080,action,887,382,1099,946
frame1426.jpg,1920,1080,action,811,403,1134,969
frame1884.jpg,1920,1080,action,891,377,1074,967
frame1053.jpg,1920,1080,action,802,389,1061,966
frame453.jpg,1920,1080,action,856,379,1075,998
frame1007.jpg,1920,1080,action,760,405,1104,1002
frame1551.jpg,1920,1080,action,777,383,1123,966
frame910.jpg,1920,1080,action,893,383,1158,917
frame131.jpg,1920,1080,action,496,347,1195,1048
frame1853.jpg,1920,1080,action,782,338,1180,1001
frame2134.jpg,1920,1080,action,796,414,1125,934
frame1525.jpg,1920,1080,action,812,397,1129,946
frame1979.jpg,1920,1080,action,912,368,1096,1005
frame1687.jpg,1920,1080,action,807,357,1124,947
frame195.jpg,1920,1080,action,825,431,1094,932
frame663.jpg,1920,1080,action,712,496,1070,988
frame1631.jpg,1920,1080,action,800,409,1078,991
frame1425.jpg,1920,1080,action,828,406,1143,978
frame1297.jpg,1920,1080,action,747,309,1110,929
frame2275.jpg,1920,1080,action,783,433,1119,919
frame947.jpg,1920,1080,action,816,389,1084,956
frame1559.jpg,1920,1080,action,721,409,1112,1014
frame2199.jpg,1920,1080,action,863,379,1137,987
frame430.jpg,1920,1080,action,689,359,1247,976
frame610.jpg,1920,1080,action,784,498,1087,981
frame2170.jpg,1920,1080,action,836,422,1095,929
frame613.jpg,1920,1080,action,804,525,1077,989
frame2272.jpg,1920,1080,action,812,444,1121,906
frame1902.jpg,1920,1080,action,837,420,1087,893
frame447.jpg,1920,1080,action,842,394,1096,1013
frame667.jpg,1920,1080,action,697,454,1086,966
frame444.jpg,1920,1080,action,838,389,1081,1023
frame2317.jpg,1920,1080,action,803,430,1094,913
frame1877.jpg,1920,1080,action,741,331,1184,1028
frame599.jpg,1920,1080,action,792,520,1068,976
frame1307.jpg,1920,1080,action,815,303,1162,972
frame834.jpg,1920,1080,action,769,389,1114,930
frame16.jpg,1920,1080,action,770,445,1156,1079
frame284.jpg,1920,1080,action,846,545,1090,975
frame28.jpg,1920,1080,action,736,431,1202,1080
frame2163.jpg,1920,1080,action,805,425,1107,933
frame75.jpg,1920,1080,action,644,342,1296,1057
frame124.jpg,1920,1080,action,597,352,1186,1011
frame634.jpg,1920,1080,action,796,514,1080,968
frame1275.jpg,1920,1080,action,806,361,1216,975
frame897.jpg,1920,1080,action,906,368,1143,903
frame1453.jpg,1920,1080,action,837,410,1108,949
frame1370.jpg,1920,1080,action,779,345,1126,1024
frame442.jpg,1920,1080,action,820,404,1099,1018
frame1422.jpg,1920,1080,action,821,398,1143,959
frame126.jpg,1920,1080,action,551,355,1183,1023
frame2247.jpg,1920,1080,action,845,430,1081,942
frame2214.jpg,1920,1080,action,928,357,1161,951
frame1792.jpg,1920,1080,action,765,453,1039,963
frame2293.jpg,1920,1080,action,796,441,1096,912
frame162.jpg,1920,1080,action,902,470,1187,1009
frame981.jpg,1920,1080,action,610,526,1033,944
frame2315.jpg,1920,1080,action,776,426,1094,913
frame203.jpg,1920,1080,action,816,421,1101,942
frame530.jpg,1920,1080,action,643,412,1067,1080
frame69.jpg,1920,1080,action,753,333,1310,941
frame2081.jpg,1920,1080,action,812,427,1118,959
frame1797.jpg,1920,1080,action,748,212,1044,982
frame912.jpg,1920,1080,action,889,400,1140,893
frame2270.jpg,1920,1080,action,800,447,1097,939
frame521.jpg,1920,1080,action,723,400,1172,976
frame2189.jpg,1920,1080,action,881,389,1107,979
frame1753.jpg,1920,1080,action,841,284,1119,994
frame555.jpg,1920,1080,action,738,380,970,977
frame82.jpg,1920,1080,action,637,324,1278,1043
frame1776.jpg,1920,1080,action,778,321,1096,957
frame1958.jpg,1920,1080,action,792,419,1101,890
frame1646.jpg,1920,1080,action,774,374,1114,1012
frame63.jpg,1920,1080,action,686,327,1323,1055
frame886.jpg,1920,1080,action,841,442,1102,950
frame31.jpg,1920,1080,action,728,437,1217,1080
frame1788.jpg,1920,1080,action,797,261,1035,988
frame223.jpg,1920,1080,action,798,407,1087,937
frame914.jpg,1920,1080,action,895,393,1132,925
frame980.jpg,1920,1080,action,665,395,961,942
frame2133.jpg,1920,1080,action,787,408,1120,927
frame473.jpg,1920,1080,action,847,381,1056,969
frame874.jpg,1920,1080,action,854,415,1104,947
frame1485.jpg,1920,1080,action,650,302,1071,971
frame1447.jpg,1920,1080,action,818,372,1095,963
frame619.jpg,1920,1080,action,794,531,1075,966
frame694.jpg,1920,1080,action,766,339,1302,966
frame2240.jpg,1920,1080,action,850,426,1057,938
frame456.jpg,1920,1080,action,856,381,1102,995
frame1481.jpg,1920,1080,action,759,297,1020,962
frame91.jpg,1920,1080,action,591,347,1228,1057
frame1507.jpg,1920,1080,action,778,310,1135,939
frame415.jpg,1920,1080,action,675,354,1221,987
frame1230.jpg,1920,1080,action,787,400,1132,933
frame1890.jpg,1920,1080,action,815,424,1098,900
frame1619.jpg,1920,1080,action,770,392,1161,990
frame202.jpg,1920,1080,action,806,420,1094,934
frame1316.jpg,1920,1080,action,679,279,1025,1013
frame461.jpg,1920,1080,action,853,366,1109,1004
frame1935.jpg,1920,1080,action,816,462,1096,893
frame1986.jpg,1920,1080,action,804,368,1227,933
frame474.jpg,1920,1080,action,847,390,1057,972
frame205.jpg,1920,1080,action,815,417,1085,922
frame1600.jpg,1920,1080,action,758,388,1093,1021
frame1759.jpg,1920,1080,action,834,278,1119,1013
frame806.jpg,1920,1080,action,741,420,1149,977
frame2401.jpg,1920,1080,action,872,395,1121,920
frame2343.jpg,1920,1080,action,828,427,1091,927
frame973.jpg,1920,1080,action,765,407,1113,939
frame433.jpg,1920,1080,action,682,361,1247,979
frame1468.jpg,1920,1080,action,601,333,1069,964
frame889.jpg,1920,1080,action,809,390,1124,998
frame418.jpg,1920,1080,action,687,315,1235,988
frame1921.jpg,1920,1080,action,822,438,1100,903
frame2168.jpg,1920,1080,action,822,429,1097,929
frame1264.jpg,1920,1080,action,787,335,1268,962
frame1613.jpg,1920,1080,action,768,422,1094,1003
frame1265.jpg,1920,1080,action,787,311,1232,993
frame883.jpg,1920,1080,action,838,406,1083,925
frame1685.jpg,1920,1080,action,800,390,1131,970
frame2339.jpg,1920,1080,action,813,427,1099,927
frame2410.jpg,1920,1080,action,922,380,1083,951
frame680.jpg,1920,1080,action,638,418,942,995
frame2117.jpg,1920,1080,action,793,414,1119,943
frame2256.jpg,1920,1080,action,859,427,1069,946
frame1590.jpg,1920,1080,action,777,412,1101,994
frame87.jpg,1920,1080,action,631,346,1235,1048
frame55.jpg,1920,1080,action,681,324,1210,1038
frame2157.jpg,1920,1080,action,781,397,1111,929
frame1769.jpg,1920,1080,action,811,289,1072,929
frame1036.jpg,1920,1080,action,752,390,1062,1017
frame142.jpg,1920,1080,action,882,379,1097,947
frame1970.jpg,1920,1080,action,791,420,1093,895
frame857.jpg,1920,1080,action,745,407,1013,934
frame2097.jpg,1920,1080,action,824,412,1138,962
frame1634.jpg,1920,1080,action,790,400,1105,1003
frame60.jpg,1920,1080,action,684,322,1252,1043
frame538.jpg,1920,1080,action,656,578,1085,1056
frame1449.jpg,1920,1080,action,808,373,1112,965
frame638.jpg,1920,1080,action,801,499,1104,996
frame1854.jpg,1920,1080,action,822,336,1160,975
frame529.jpg,1920,1080,action,672,414,1034,1080
frame1435.jpg,1920,1080,action,842,380,1084,955
frame1922.jpg,1920,1080,action,829,442,1092,901
frame1617.jpg,1920,1080,action,742,413,1107,1003
frame1585.jpg,1920,1080,action,841,414,1114,991
frame888.jpg,1920,1080,action,831,365,1125,988
frame416.jpg,1920,1080,action,681,333,1243,964
frame1866.jpg,1920,1080,action,724,393,1138,1026
frame1563.jpg,1920,1080,action,729,349,1159,1008
frame1575.jpg,1920,1080,action,774,397,1112,957
frame905.jpg,1920,1080,action,862,392,1179,899
frame148.jpg,1920,1080,action,887,462,1094,959
frame1203.jpg,1920,1080,action,763,396,1061,992
frame1906.jpg,1920,1080,action,820,434,1095,901
frame2086.jpg,1920,1080,action,820,400,1135,963
frame1414.jpg,1920,1080,action,787,402,1139,955
frame1430.jpg,1920,1080,action,839,381,1111,956
frame1328.jpg,1920,1080,action,756,360,1150,981
frame1384.jpg,1920,1080,action,805,355,1144,980
frame909.jpg,1920,1080,action,865,392,1157,888
frame1673.jpg,1920,1080,action,827,382,1119,997
frame2300.jpg,1920,1080,action,812,413,1092,930
frame522.jpg,1920,1080,action,690,399,1116,1075
frame185.jpg,1920,1080,action,807,407,1110,930
frame2205.jpg,1920,1080,action,902,365,1110,979
frame1649.jpg,1920,1080,action,781,372,1140,1010
frame2144.jpg,1920,1080,action,788,426,1157,936
frame870.jpg,1920,1080,action,808,424,1143,953
frame73.jpg,1920,1080,action,634,336,1312,1057
frame979.jpg,1920,1080,action,654,309,965,924
frame2450.jpg,1920,1080,action,894,366,1104,941
frame565.jpg,1920,1080,action,787,479,1048,969
frame1046.jpg,1920,1080,action,812,309,1069,950
frame1432.jpg,1920,1080,action,794,392,1129,1009
frame1322.jpg,1920,1080,action,688,337,1088,978
frame1826.jpg,1920,1080,action,875,355,1123,969
frame607.jpg,1920,1080,action,781,522,1069,975
frame2281.jpg,1920,1080,action,789,421,1091,928
frame2193.jpg,1920,1080,action,869,378,1133,967
frame1936.jpg,1920,1080,action,808,445,1102,888
frame1628.jpg,1920,1080,action,742,385,1074,1007
frame1527.jpg,1920,1080,action,779,370,1136,966
frame83.jpg,1920,1080,action,627,329,1250,1051
frame1662.jpg,1920,1080,action,790,391,1125,975
frame852.jpg,1920,1080,action,725,368,988,935
frame1231.jpg,1920,1080,action,791,403,1122,921
frame906.jpg,1920,1080,action,898,393,1127,927
frame23.jpg,1920,1080,action,756,444,1177,1080
frame93.jpg,1920,1080,action,627,339,1247,1043
frame2274.jpg,1920,1080,action,768,455,1143,933
frame1805.jpg,1920,1080,action,815,314,1133,997
frame1944.jpg,1920,1080,action,795,446,1091,893
frame2321.jpg,1920,1080,action,797,426,1088,919
frame1354.jpg,1920,1080,action,785,360,1152,1017
frame2116.jpg,1920,1080,action,817,415,1117,934
frame1820.jpg,1920,1080,action,841,314,1141,990
frame1557.jpg,1920,1080,action,795,357,1138,1004
frame1924.jpg,1920,1080,action,813,429,1107,927
frame677.jpg,1920,1080,action,636,394,968,981
frame2433.jpg,1920,1080,action,905,369,1105,942
frame2200.jpg,1920,1080,action,839,365,1142,966
frame1974.jpg,1920,1080,action,805,421,1103,901
frame881.jpg,1920,1080,action,803,419,1077,878
frame891.jpg,1920,1080,action,807,386,1121,976
frame58.jpg,1920,1080,action,701,325,1192,1034
frame643.jpg,1920,1080,action,764,521,1081,980
frame2161.jpg,1920,1080,action,812,416,1109,933
frame2280.jpg,1920,1080,action,796,444,1106,930
frame1098.jpg,1920,1080,action,745,312,1051,973
frame1073.jpg,1920,1080,action,811,393,1054,960
frame1462.jpg,1920,1080,action,651,333,1043,962
frame1809.jpg,1920,1080,action,851,356,1155,979
frame1768.jpg,1920,1080,action,792,278,1046,949
frame0.jpg,1920,1080,action,790,452,1110,1080
frame1228.jpg,1920,1080,action,821,418,1092,912
frame256.jpg,1920,1080,action,820,412,1087,939
frame2158.jpg,1920,1080,action,748,383,1106,943
frame1056.jpg,1920,1080,action,756,389,1063,986
frame1898.jpg,1920,1080,action,831,422,1088,895
frame664.jpg,1920,1080,action,707,490,1061,980
frame632.jpg,1920,1080,action,772,519,1092,975
frame2444.jpg,1920,1080,action,884,370,1133,935
frame1823.jpg,1920,1080,action,779,306,1152,989
frame557.jpg,1920,1080,action,735,380,949,960
frame1454.jpg,1920,1080,action,726,406,1124,1027
frame1488.jpg,1920,1080,action,788,294,1051,961
frame251.jpg,1920,1080,action,820,428,1078,940
frame49.jpg,1920,1080,action,968,323,1220,952
frame1387.jpg,1920,1080,action,730,357,1123,1038
frame1065.jpg,1920,1080,action,759,405,1122,980
frame502.jpg,1920,1080,action,826,381,1081,976
frame699.jpg,1920,1080,action,690,316,1316,969
frame1004.jpg,1920,1080,action,712,402,1116,1008
frame45.jpg,1920,1080,action,768,437,1118,1080
frame1907.jpg,1920,1080,action,829,436,1090,899
frame1671.jpg,1920,1080,action,855,364,1158,944
frame154.jpg,1920,1080,action,876,356,1091,952
frame139.jpg,1920,1080,action,879,375,1105,945
frame838.jpg,1920,1080,action,791,508,1124,953
frame1201.jpg,1920,1080,action,730,373,1093,1010
frame487.jpg,1920,1080,action,843,380,1062,976
frame92.jpg,1920,1080,action,608,327,1243,1057
frame1751.jpg,1920,1080,action,859,299,1123,987
frame2424.jpg,1920,1080,action,898,356,1105,943
frame898.jpg,1920,1080,action,899,389,1137,882
frame38.jpg,1920,1080,action,700,413,919,952
frame38.jpg,1920,1080,action,1012,553,1279,1080
frame172.jpg,1920,1080,action,816,375,1137,957
frame56.jpg,1920,1080,action,679,324,1201,1041
frame611.jpg,1920,1080,action,799,519,1077,983
frame143.jpg,1920,1080,action,887,385,1106,946
frame2449.jpg,1920,1080,action,887,345,1111,953
frame1940.jpg,1920,1080,action,810,457,1098,900
frame1568.jpg,1920,1080,action,833,365,1098,968
frame1967.jpg,1920,1080,action,800,413,1091,895
frame448.jpg,1920,1080,action,843,393,1114,1014
frame495.jpg,1920,1080,action,816,376,1086,966
frame847.jpg,1920,1080,action,802,412,1170,962
frame81.jpg,1920,1080,action,645,333,1234,1032
frame1652.jpg,1920,1080,action,776,386,1141,1013
frame1470.jpg,1920,1080,action,636,327,1120,949
frame1300.jpg,1920,1080,action,714,303,1112,945
frame858.jpg,1920,1080,action,760,419,1008,939
frame1400.jpg,1920,1080,action,794,391,1135,976
frame2130.jpg,1920,1080,action,809,413,1119,930
frame469.jpg,1920,1080,action,862,393,1086,981
frame587.jpg,1920,1080,action,770,500,1089,973
frame547.jpg,1920,1080,action,785,393,1074,974
frame1876.jpg,1920,1080,action,745,327,1178,1019
frame1469.jpg,1920,1080,action,603,293,1120,965
frame853.jpg,1920,1080,action,735,381,968,962
frame1262.jpg,1920,1080,action,778,335,1226,966
frame1771.jpg,1920,1080,action,786,339,1054,914
frame971.jpg,1920,1080,action,774,419,1117,930
frame2290.jpg,1920,1080,action,793,444,1093,910
frame552.jpg,1920,1080,action,721,317,1025,999
frame2440.jpg,1920,1080,action,887,383,1087,939
frame505.jpg,1920,1080,action,828,379,1039,988
frame1314.jpg,1920,1080,action,500,280,1140,1011
frame464.jpg,1920,1080,action,848,401,1097,985
frame802.jpg,1920,1080,action,750,386,1128,960
frame2417.jpg,1920,1080,action,876,400,1119,955
frame826.jpg,1920,1080,action,781,392,1289,1014
frame1290.jpg,1920,1080,action,705,560,1055,1005
frame1320.jpg,1920,1080,action,751,312,1048,1019
frame1989.jpg,1920,1080,action,831,366,1102,941
frame2245.jpg,1920,1080,action,856,443,1070,943
frame2334.jpg,1920,1080,action,812,418,1094,925
frame2091.jpg,1920,1080,action,823,435,1129,951
frame498.jpg,1920,1080,action,818,392,1076,970
frame424.jpg,1920,1080,action,699,342,1254,981
frame2221.jpg,1920,1080,action,914,392,1156,990
frame491.jpg,1920,1080,action,822,391,1090,964
frame1904.jpg,1920,1080,action,827,430,1098,905
frame2147.jpg,1920,1080,action,804,429,1100,931
frame1802.jpg,1920,1080,action,794,346,1125,995
frame1465.jpg,1920,1080,action,735,392,1112,1009
frame1810.jpg,1920,1080,action,865,313,1119,995
frame1499.jpg,1920,1080,action,797,295,1076,967
frame261.jpg,1920,1080,action,816,419,1075,923
frame1983.jpg,1920,1080,action,877,370,1167,959
frame630.jpg,1920,1080,action,782,502,1091,979
frame1212.jpg,1920,1080,action,710,382,1065,989
frame585.jpg,1920,1080,action,776,524,1064,974
frame1338.jpg,1920,1080,action,738,343,1069,998
frame1969.jpg,1920,1080,action,791,420,1095,898
frame1690.jpg,1920,1080,action,843,372,1103,946
frame866.jpg,1920,1080,action,837,382,1094,953
frame2187.jpg,1920,1080,action,885,389,1142,979
frame208.jpg,1920,1080,action,800,426,1083,946
frame860.jpg,1920,1080,action,739,377,952,934
frame1428.jpg,1920,1080,action,826,408,1107,942
frame2316.jpg,1920,1080,action,787,436,1108,914
frame2257.jpg,1920,1080,action,837,430,1055,938
frame210.jpg,1920,1080,action,815,416,1097,930
frame2154.jpg,1920,1080,action,787,328,1096,932
frame2139.jpg,1920,1080,action,795,406,1117,953
frame1326.jpg,1920,1080,action,796,357,1134,973
frame959.jpg,1920,1080,action,781,400,1119,933
frame17.jpg,1920,1080,action,771,447,1155,1079
frame2338.jpg,1920,1080,action,835,415,1088,917
frame2123.jpg,1920,1080,action,808,417,1108,941
frame241.jpg,1920,1080,action,784,447,1077,933
frame873.jpg,1920,1080,action,849,430,1111,947
frame235.jpg,1920,1080,action,805,417,1095,939
frame2226.jpg,1920,1080,action,856,365,1140,956
frame810.jpg,1920,1080,action,796,431,1111,953
frame1993.jpg,1920,1080,action,810,403,1104,911
frame145.jpg,1920,1080,action,879,367,1095,953
frame1467.jpg,1920,1080,action,674,329,1085,978
frame151.jpg,1920,1080,action,895,380,1097,955
frame1770.jpg,1920,1080,action,811,282,1072,915
frame2288.jpg,1920,1080,action,777,423,1113,935
frame1862.jpg,1920,1080,action,749,341,1104,1063
frame647.jpg,1920,1080,action,797,462,1072,979
frame2350.jpg,1920,1080,action,818,422,1091,918
frame47.jpg,1920,1080,action,798,452,1109,1080
frame1318.jpg,1920,1080,action,730,303,1042,1013
frame1799.jpg,1920,1080,action,848,358,1122,1005
frame244.jpg,1920,1080,action,781,428,1070,933
frame1561.jpg,1920,1080,action,799,366,1081,1015
frame482.jpg,1920,1080,action,834,371,1063,970
frame1061.jpg,1920,1080,action,795,380,1071,974
frame253.jpg,1920,1080,action,803,416,1080,933
frame890.jpg,1920,1080,action,842,397,1125,971
frame2289.jpg,1920,1080,action,788,416,1092,930
frame2166.jpg,1920,1080,action,801,406,1111,940
frame2427.jpg,1920,1080,action,906,379,1092,966
frame848.jpg,1920,1080,action,796,390,1102,941
frame44.jpg,1920,1080,action,682,423,909,957
frame44.jpg,1920,1080,action,1059,562,1326,1080
frame437.jpg,1920,1080,action,829,414,1078,1009
frame62.jpg,1920,1080,action,667,329,1302,1026
frame2310.jpg,1920,1080,action,806,422,1074,927
frame2107.jpg,1920,1080,action,839,430,1130,949
frame1642.jpg,1920,1080,action,819,387,1108,975
frame115.jpg,1920,1080,action,717,336,1186,1015
frame510.jpg,1920,1080,action,828,389,1067,976
frame1379.jpg,1920,1080,action,753,373,1157,1007
frame1959.jpg,1920,1080,action,789,428,1099,894
frame2122.jpg,1920,1080,action,815,421,1106,933
frame459.jpg,1920,1080,action,850,378,1137,1020
frame1381.jpg,1920,1080,action,797,381,1152,989
frame488.jpg,1920,1080,action,834,376,1066,958
frame2132.jpg,1920,1080,action,797,426,1112,940
frame1838.jpg,1920,1080,action,828,348,1158,993
frame265.jpg,1920,1080,action,820,430,1078,935
frame1871.jpg,1920,1080,action,739,406,1180,1027
frame809.jpg,1920,1080,action,749,423,1135,969
frame1259.jpg,1920,1080,action,794,312,1255,1007
frame1380.jpg,1920,1080,action,759,378,1184,990
frame574.jpg,1920,1080,action,795,388,1040,974
frame101.jpg,1920,1080,action,747,335,1211,1020
frame1956.jpg,1920,1080,action,793,431,1103,902
frame589.jpg,1920,1080,action,797,523,1081,990
frame2344.jpg,1920,1080,action,803,434,1087,907
frame2179.jpg,1920,1080,action,821,392,1119,998
frame669.jpg,1920,1080,action,687,505,1100,991
frame141.jpg,1920,1080,action,883,392,1086,953
frame2325.jpg,1920,1080,action,787,420,1099,925
frame206.jpg,1920,1080,action,817,419,1090,941
frame876.jpg,1920,1080,action,842,429,1120,849
frame33.jpg,1920,1080,action,730,434,1230,1080
frame405.jpg,1920,1080,action,577,356,1290,1004
frame2409.jpg,1920,1080,action,911,390,1085,943
frame436.jpg,1920,1080,action,825,400,1085,1018
frame1589.jpg,1920,1080,action,714,377,1109,989
frame1457.jpg,1920,1080,action,773,314,1081,977
frame1678.jpg,1920,1080,action,838,367,1124,953
frame1813.jpg,1920,1080,action,817,340,1155,969
frame1438.jpg,1920,1080,action,844,374,1093,982
frame1348.jpg,1920,1080,action,798,356,1170,983
frame274.jpg,1920,1080,action,816,409,1087,942
frame1952.jpg,1920,1080,action,787,439,1101,912
frame1762.jpg,1920,1080,action,799,370,1134,988
frame27.jpg,1920,1080,action,752,434,1196,1080
frame691.jpg,1920,1080,action,783,301,1316,968
frame1643.jpg,1920,1080,action,844,385,1147,981
frame466.jpg,1920,1080,action,852,389,1067,1002
frame825.jpg,1920,1080,action,765,372,1267,1037
frame1084.jpg,1920,1080,action,755,389,1139,987
frame36.jpg,1920,1080,action,705,413,924,962
frame36.jpg,1920,1080,action,986,546,1276,1080
frame2403.jpg,1920,1080,action,892,397,1099,948
frame71.jpg,1920,1080,action,645,338,1283,1045
frame1591.jpg,1920,1080,action,705,375,1132,1024
frame1476.jpg,1920,1080,action,811,394,1113,1019
frame123.jpg,1920,1080,action,601,348,1194,1026
frame970.jpg,1920,1080,action,801,400,1113,920
frame1202.jpg,1920,1080,action,742,372,1042,990
frame1651.jpg,1920,1080,action,780,403,1132,987
frame895.jpg,1920,1080,action,824,378,1114,972
frame1815.jpg,1920,1080,action,845,325,1125,980
frame1912.jpg,1920,1080,action,819,432,1099,903
frame830.jpg,1920,1080,action,753,372,1123,975
frame2331.jpg,1920,1080,action,822,417,1087,914
frame1460.jpg,1920,1080,action,759,315,1072,983
frame985.jpg,1920,1080,action,667,535,976,953
frame1309.jpg,1920,1080,action,800,336,1167,1017
frame650.jpg,1920,1080,action,795,498,1098,990
frame1845.jpg,1920,1080,action,770,305,1147,986
frame1445.jpg,1920,1080,action,747,377,1117,958
frame184.jpg,1920,1080,action,826,404,1081,936
frame133.jpg,1920,1080,action,485,336,1192,1051
frame1976.jpg,1920,1080,action,764,424,1101,900
frame1592.jpg,1920,1080,action,704,401,1129,1018
frame2445.jpg,1920,1080,action,870,374,1138,931
frame942.jpg,1920,1080,action,803,275,1166,998
frame59.jpg,1920,1080,action,691,324,1211,1043
frame562.jpg,1920,1080,action,761,483,1029,946
frame967.jpg,1920,1080,action,768,393,1060,944
frame1819.jpg,1920,1080,action,789,324,1132,989
frame292.jpg,1920,1080,action,833,566,1081,958
frame1012.jpg,1920,1080,action,747,391,1065,1026
frame642.jpg,1920,1080,action,796,514,1111,984
frame1910.jpg,1920,1080,action,827,442,1087,899
frame450.jpg,1920,1080,action,849,388,1082,1016
frame149.jpg,1920,1080,action,887,405,1097,961
frame121.jpg,1920,1080,action,631,338,1178,1012
frame1540.jpg,1920,1080,action,821,405,1139,934
frame1282.jpg,1920,1080,action,712,337,1343,979
frame88.jpg,1920,1080,action,622,338,1224,1048
frame1095.jpg,1920,1080,action,773,317,1052,952
frame136.jpg,1920,1080,action,886,380,1100,940
frame1562.jpg,1920,1080,action,754,360,1107,1034
frame252.jpg,1920,1080,action,810,425,1073,937
frame1022.jpg,1920,1080,action,689,380,1093,1002
frame2087.jpg,1920,1080,action,812,408,1138,949
frame1988.jpg,1920,1080,action,826,394,1120,937
frame2337.jpg,1920,1080,action,798,421,1086,928
frame1612.jpg,1920,1080,action,807,381,1110,987
frame863.jpg,1920,1080,action,868,378,1066,951
frame1015.jpg,1920,1080,action,753,372,1070,1010
frame2128.jpg,1920,1080,action,794,410,1115,949
frame1258.jpg,1920,1080,action,760,320,1264,1010
frame541.jpg,1920,1080,action,769,402,1052,1018
frame1088.jpg,1920,1080,action,796,382,1102,980
frame1946.jpg,1920,1080,action,817,427,1093,900
frame880.jpg,1920,1080,action,814,423,1081,884
frame1670.jpg,1920,1080,action,837,383,1125,962
frame1083.jpg,1920,1080,action,788,390,1076,982
frame2216.jpg,1920,1080,action,946,387,1138,954
frame192.jpg,1920,1080,action,811,420,1087,933
frame486.jpg,1920,1080,action,832,382,1058,971
frame425.jpg,1920,1080,action,696,355,1252,980
frame583.jpg,1920,1080,action,804,407,1022,997
frame875.jpg,1920,1080,action,830,425,1113,908
frame237.jpg,1920,1080,action,801,408,1078,939
frame129.jpg,1920,1080,action,545,353,1190,1035
frame1254.jpg,1920,1080,action,732,322,1282,993
frame1364.jpg,1920,1080,action,817,368,1164,1013
frame535.jpg,1920,1080,action,679,700,1036,1080
frame2258.jpg,1920,1080,action,811,420,1108,953
frame1402.jpg,1920,1080,action,820,378,1120,969
frame1606.jpg,1920,1080,action,762,396,1097,1011
frame1342.jpg,1920,1080,action,658,288,1132,995
frame1448.jpg,1920,1080,action,823,378,1095,974
frame511.jpg,1920,1080,action,839,403,1042,969
frame2137.jpg,1920,1080,action,792,402,1112,975
frame22.jpg,1920,1080,action,761,444,1170,1080
frame2329.jpg,1920,1080,action,779,439,1106,923
frame1841.jpg,1920,1080,action,896,360,1114,983
frame1781.jpg,1920,1080,action,747,350,1062,962
frame1661.jpg,1920,1080,action,804,325,1139,1000
frame1626.jpg,1920,1080,action,749,383,1084,985
frame637.jpg,1920,1080,action,805,525,1097,976
frame1341.jpg,1920,1080,action,712,306,1074,1011
frame2421.jpg,1920,1080,action,870,369,1101,967
frame465.jpg,1920,1080,action,842,402,1077,993
frame1466.jpg,1920,1080,action,663,284,1031,968
frame80.jpg,1920,1080,action,668,336,1246,1035
frame598.jpg,1920,1080,action,781,522,1064,975
frame186.jpg,1920,1080,action,823,409,1115,937
frame66.jpg,1920,1080,action,693,337,1328,1034
frame1909.jpg,1920,1080,action,825,434,1096,901
frame1899.jpg,1920,1080,action,830,414,1083,897
frame2230.jpg,1920,1080,action,900,434,1141,958
frame2430.jpg,1920,1080,action,903,375,1107,967
frame1605.jpg,1920,1080,action,780,406,1086,1002
frame1243.jpg,1920,1080,action,790,413,1109,925
frame1535.jpg,1920,1080,action,794,409,1129,932
frame1863.jpg,1920,1080,action,753,277,1072,951
frame2185.jpg,1920,1080,action,896,388,1123,970
frame595.jpg,1920,1080,action,805,512,1059,988
frame945.jpg,1920,1080,action,825,398,1059,963
frame1401.jpg,1920,1080,action,793,351,1123,953
frame1621.jpg,1920,1080,action,762,378,1116,995
frame127.jpg,1920,1080,action,570,347,1187,1021
frame1569.jpg,1920,1080,action,786,397,1145,942
frame1010.jpg,1920,1080,action,754,386,1095,1042
frame698.jpg,1920,1080,action,712,321,1347,984
frame29.jpg,1920,1080,action,729,431,1214,1080
frame678.jpg,1920,1080,action,611,397,967,976
frame658.jpg,1920,1080,action,733,514,1059,976
frame1987.jpg,1920,1080,action,791,359,1123,939
frame229.jpg,1920,1080,action,812,407,1090,931
frame72.jpg,1920,1080,action,645,328,1315,1065
frame2165.jpg,1920,1080,action,810,423,1104,939
frame2239.jpg,1920,1080,action,837,429,1087,950
frame1761.jpg,1920,1080,action,815,292,1104,986
frame546.jpg,1920,1080,action,805,406,1057,989
frame1666.jpg,1920,1080,action,846,378,1131,965
frame217.jpg,1920,1080,action,800,430,1095,932
frame1276.jpg,1920,1080,action,738,325,1370,943
frame1586.jpg,1920,1080,action,751,397,1115,1020
frame2255.jpg,1920,1080,action,870,426,1068,964
frame1881.jpg,1920,1080,action,711,431,1180,1025
frame640.jpg,1920,1080,action,790,489,1086,981
frame4.jpg,1920,1080,action,790,433,1136,1080
frame2346.jpg,1920,1080,action,803,415,1085,915
frame900.jpg,1920,1080,action,898,369,1125,887
frame1357.jpg,1920,1080,action,790,362,1163,1001
frame293.jpg,1920,1080,action,835,409,1077,942
frame1362.jpg,1920,1080,action,740,345,1117,988
frame1236.jpg,1920,1080,action,802,393,1098,912
frame586.jpg,1920,1080,action,790,528,1062,980
frame1072.jpg,1920,1080,action,788,387,1065,974
frame805.jpg,1920,1080,action,793,406,1111,953
frame2438.jpg,1920,1080,action,898,387,1100,950
frame693.jpg,1920,1080,action,763,342,1336,984
frame681.jpg,1920,1080,action,556,399,962,1002
frame1816.jpg,1920,1080,action,816,328,1156,1018
frame1266.jpg,1920,1080,action,786,346,1274,992
frame1780.jpg,1920,1080,action,720,348,1069,945
frame1067.jpg,1920,1080,action,743,379,1083,980
frame1615.jpg,1920,1080,action,731,405,1092,1016
frame683.jpg,1920,1080,action,638,371,981,1022
frame1071.jpg,1920,1080,action,741,363,1134,995
frame2114.jpg,1920,1080,action,815,412,1111,941
frame457.jpg,1920,1080,action,863,374,1090,988
frame1848.jpg,1920,1080,action,814,339,1165,966
frame111.jpg,1920,1080,action,714,346,1206,1034
frame1531.jpg,1920,1080,action,845,399,1142,967
frame2119.jpg,1920,1080,action,809,389,1119,935
frame1304.jpg,1920,1080,action,877,309,1096,956
frame1280.jpg,1920,1080,action,732,313,1324,976
frame829.jpg,1920,1080,action,795,383,1064,956
frame631.jpg,1920,1080,action,792,518,1086,994
frame2184.jpg,1920,1080,action,897,383,1113,968
frame1329.jpg,1920,1080,action,791,370,1134,963
frame639.jpg,1920,1080,action,805,507,1076,966
frame26.jpg,1920,1080,action,743,444,1176,1080
frame865.jpg,1920,1080,action,852,397,1067,929
frame1324.jpg,1920,1080,action,784,359,1145,985
frame1498.jpg,1920,1080,action,824,403,1133,1014
frame1301.jpg,1920,1080,action,744,299,1073,957
frame1660.jpg,1920,1080,action,801,368,1154,1011
frame1378.jpg,1920,1080,action,785,400,1135,1033
frame992.jpg,1920,1080,action,758,399,1065,1018
frame1582.jpg,1920,1080,action,767,392,1111,943
frame74.jpg,1920,1080,action,656,347,1294,1045
frame1934.jpg,1920,1080,action,822,447,1095,899
frame1852.jpg,1920,1080,action,805,351,1167,974
frame2152.jpg,1920,1080,action,788,397,1114,944
frame645.jpg,1920,1080,action,776,509,1085,989
frame219.jpg,1920,1080,action,790,431,1091,932
frame1079.jpg,1920,1080,action,760,397,1081,965
frame1294.jpg,1920,1080,action,752,435,1156,939
frame1927.jpg,1920,1080,action,805,427,1122,904
frame952.jpg,1920,1080,action,783,386,1095,939
frame2174.jpg,1920,1080,action,896,391,1082,1003
frame402.jpg,1920,1080,action,566,366,1296,1007
frame554.jpg,1920,1080,action,756,385,1029,951
frame603.jpg,1920,1080,action,795,522,1074,1011
frame2318.jpg,1920,1080,action,789,440,1103,922
frame1306.jpg,1920,1080,action,864,306,1147,941
frame920.jpg,1920,1080,action,832,360,1147,981
frame467.jpg,1920,1080,action,864,387,1089,979
frame188.jpg,1920,1080,action,826,416,1094,929
frame1035.jpg,1920,1080,action,726,371,1096,1039
frame198.jpg,1920,1080,action,827,444,1080,934
frame1793.jpg,1920,1080,action,784,352,1061,966
frame2419.jpg,1920,1080,action,870,374,1101,961
frame1595.jpg,1920,1080,action,750,391,1099,1001
frame1790.jpg,1920,1080,action,770,314,1039,953
frame2347.jpg,1920,1080,action,809,434,1088,914
frame1464.jpg,1920,1080,action,568,303,1061,981
frame1896.jpg,1920,1080,action,816,416,1097,899
frame925.jpg,1920,1080,action,827,372,1145,999
frame2094.jpg,1920,1080,action,818,404,1132,953
frame1225.jpg,1920,1080,action,821,387,1092,965
frame2125.jpg,1920,1080,action,787,415,1113,936
frame18.jpg,1920,1080,action,763,444,1163,1080
frame1929.jpg,1920,1080,action,815,429,1107,902
frame407.jpg,1920,1080,action,653,360,1261,967
frame1692.jpg,1920,1080,action,760,374,1132,950
frame130.jpg,1920,1080,action,525,355,1200,1041
frame1684.jpg,1920,1080,action,787,348,1105,997
frame1817.jpg,1920,1080,action,800,364,1165,971
frame962.jpg,1920,1080,action,805,374,1099,957
frame1516.jpg,1920,1080,action,773,401,1128,997
frame835.jpg,1920,1080,action,774,378,1121,942
frame846.jpg,1920,1080,action,804,496,1144,939
frame1349.jpg,1920,1080,action,800,370,1141,997
frame526.jpg,1920,1080,action,676,413,1015,1080
frame921.jpg,1920,1080,action,850,386,1165,976
frame2212.jpg,1920,1080,action,937,372,1159,948
frame1847.jpg,1920,1080,action,835,352,1127,987
frame1037.jpg,1920,1080,action,704,369,1128,1035
frame233.jpg,1920,1080,action,809,419,1096,941
frame1392.jpg,1920,1080,action,752,338,1166,973
frame1365.jpg,1920,1080,action,739,366,1165,1036
frame1066.jpg,1920,1080,action,797,407,1095,985
frame1599.jpg,1920,1080,action,778,408,1125,1000
frame1843.jpg,1920,1080,action,825,365,1164,953
frame1822.jpg,1920,1080,action,832,327,1130,976
frame2404.jpg,1920,1080,action,913,389,1107,950
frame191.jpg,1920,1080,action,818,433,1094,919
frame2429.jpg,1920,1080,action,862,372,1120,950
frame2308.jpg,1920,1080,action,819,424,1095,914
frame97.jpg,1920,1080,action,737,322,1210,1028
frame1654.jpg,1920,1080,action,721,353,1114,1008
frame1446.jpg,1920,1080,action,751,361,1109,970
frame2305.jpg,1920,1080,action,795,446,1081,916
frame1978.jpg,1920,1080,action,889,380,1068,1017
frame262.jpg,1920,1080,action,844,426,1082,938
frame1676.jpg,1920,1080,action,837,354,1121,954
frame801.jpg,1920,1080,action,780,435,1115,927
frame623.jpg,1920,1080,action,804,530,1077,976
frame2140.jpg,1920,1080,action,809,403,1148,967
frame2111.jpg,1920,1080,action,770,413,1120,926
frame2142.jpg,1920,1080,action,806,394,1141,963
frame1886.jpg,1920,1080,action,918,382,1128,969
frame1754.jpg,1920,1080,action,796,298,1119,978
frame2178.jpg,1920,1080,action,845,405,1119,991
frame426.jpg,1920,1080,action,694,375,1251,985
frame901.jpg,1920,1080,action,884,391,1141,898
frame649.jpg,1920,1080,action,786,507,1083,976
frame2271.jpg,1920,1080,action,800,441,1106,947
frame118.jpg,1920,1080,action,688,340,1189,1018
frame1965.jpg,1920,1080,action,791,430,1095,892
frame819.jpg,1920,1080,action,835,394,1082,965
frame1413.jpg,1920,1080,action,800,365,1128,953
frame1849.jpg,1920,1080,action,865,352,1138,994
frame2412.jpg,1920,1080,action,914,380,1084,942
frame1327.jpg,1920,1080,action,762,350,1220,971
frame1419.jpg,1920,1080,action,805,383,1102,998
frame868.jpg,1920,1080,action,825,414,1164,930
frame937.jpg,1920,1080,action,832,359,1178,968
frame1216.jpg,1920,1080,action,703,521,1054,996
frame1287.jpg,1920,1080,action,755,415,1101,1040
frame269.jpg,1920,1080,action,829,420,1107,943
frame620.jpg,1920,1080,action,777,503,1092,988
frame100.jpg,1920,1080,action,747,338,1200,1029
frame246.jpg,1920,1080,action,820,415,1099,941
frame2131.jpg,1920,1080,action,821,403,1114,934
frame1247.jpg,1920,1080,action,697,327,1257,1006
frame2105.jpg,1920,1080,action,849,410,1125,953
frame1410.jpg,1920,1080,action,790,404,1133,1010
frame570.jpg,1920,1080,action,797,523,1045,947
frame928.jpg,1920,1080,action,862,392,1160,988
frame566.jpg,1920,1080,action,787,486,1060,975
frame1552.jpg,1920,1080,action,765,386,1118,945
frame1293.jpg,1920,1080,action,721,519,1078,936
frame2138.jpg,1920,1080,action,800,413,1097,959
frame207.jpg,1920,1080,action,814,417,1086,945
frame177.jpg,1920,1080,action,823,403,1106,958
frame1351.jpg,1920,1080,action,785,366,1140,1007
frame1358.jpg,1920,1080,action,756,363,1143,986
frame1889.jpg,1920,1080,action,800,412,1090,896
frame1090.jpg,1920,1080,action,797,408,1062,964
frame2408.jpg,1920,1080,action,901,397,1097,929
frame1229.jpg,1920,1080,action,814,405,1100,921
frame1063.jpg,1920,1080,action,778,397,1096,978
frame1415.jpg,1920,1080,action,794,367,1127,977
frame615.jpg,1920,1080,action,786,518,1085,979
frame1288.jpg,1920,1080,action,760,382,1117,1036
frame451.jpg,1920,1080,action,837,384,1102,1036
frame1767.jpg,1920,1080,action,852,250,1065,930
frame564.jpg,1920,1080,action,790,481,1043,979
frame2223.jpg,1920,1080,action,885,402,1183,975
frame112.jpg,1920,1080,action,721,351,1182,1018
frame1584.jpg,1920,1080,action,762,397,1130,950
frame1941.jpg,1920,1080,action,796,451,1092,906
frame476.jpg,1920,1080,action,843,390,1091,986
frame2156.jpg,1920,1080,action,783,415,1109,939
frame1423.jpg,1920,1080,action,809,383,1129,954
frame1089.jpg,1920,1080,action,804,412,1077,1014
frame1699.jpg,1920,1080,action,798,298,1131,942
frame147.jpg,1920,1080,action,906,441,1074,956
frame1811.jpg,1920,1080,action,823,306,1113,991
frame414.jpg,1920,1080,action,680,366,1230,984
frame1700.jpg,1920,1080,action,800,326,1143,941
frame134.jpg,1920,1080,action,862,380,1099,961
frame2148.jpg,1920,1080,action,784,433,1139,940
frame259.jpg,1920,1080,action,824,409,1089,939
frame212.jpg,1920,1080,action,795,412,1086,933
frame1755.jpg,1920,1080,action,810,312,1117,981
frame983.jpg,1920,1080,action,651,537,978,988
frame438.jpg,1920,1080,action,837,384,1101,1037
frame687.jpg,1920,1080,action,715,427,995,1013
frame200.jpg,1920,1080,action,826,424,1105,933
frame1371.jpg,1920,1080,action,753,356,1122,966
frame1632.jpg,1920,1080,action,799,421,1091,994
frame264.jpg,1920,1080,action,834,425,1076,937
frame1526.jpg,1920,1080,action,797,383,1103,954
frame197.jpg,1920,1080,action,815,428,1085,938
frame1444.jpg,1920,1080,action,766,400,1106,948
frame2183.jpg,1920,1080,action,870,392,1286,994
frame1048.jpg,1920,1080,action,817,308,1070,939
frame1239.jpg,1920,1080,action,801,413,1107,932
frame1544.jpg,1920,1080,action,741,386,1133,947
frame628.jpg,1920,1080,action,802,509,1074,980
frame1038.jpg,1920,1080,action,757,418,1057,993
frame584.jpg,1920,1080,action,793,494,1099,993
frame2101.jpg,1920,1080,action,832,407,1128,964
frame1679.jpg,1920,1080,action,841,373,1141,974
frame996.jpg,1920,1080,action,720,359,1065,1027
frame592.jpg,1920,1080,action,794,516,1065,988
frame543.jpg,1920,1080,action,803,395,1070,969
frame1045.jpg,1920,1080,action,788,317,1071,951
frame817.jpg,1920,1080,action,848,392,1114,956
frame951.jpg,1920,1080,action,791,381,1109,964
frame1644.jpg,1920,1080,action,801,402,1128,980
frame2266.jpg,1920,1080,action,801,437,1111,923
frame2285.jpg,1920,1080,action,810,413,1092,933
frame1030.jpg,1920,1080,action,725,415,1113,1011
frame1238.jpg,1920,1080,action,771,388,1119,919
frame1325.jpg,1920,1080,action,804,364,1149,1003
frame523.jpg,1920,1080,action,661,415,1102,1080
frame2082.jpg,1920,1080,action,819,408,1118,953
frame216.jpg,1920,1080,action,796,412,1082,935
frame1013.jpg,1920,1080,action,729,345,1116,1008
frame938.jpg,1920,1080,action,868,309,1157,1005
frame230.jpg,1920,1080,action,795,435,1086,939
frame1074.jpg,1920,1080,action,810,382,1060,963
frame278.jpg,1920,1080,action,833,436,1086,963
frame1489.jpg,1920,1080,action,770,307,1059,954
frame1081.jpg,1920,1080,action,817,394,1054,969
frame105.jpg,1920,1080,action,759,347,1210,1018
frame1094.jpg,1920,1080,action,783,319,1058,966
frame503.jpg,1920,1080,action,855,383,1042,981
frame1558.jpg,1920,1080,action,821,380,1127,1006
frame1431.jpg,1920,1080,action,842,380,1096,976
frame577.jpg,1920,1080,action,764,382,1026,980
frame300.jpg,1920,1080,action,825,427,1082,952
frame533.jpg,1920,1080,action,663,607,1023,1079
frame1405.jpg,1920,1080,action,811,383,1124,996
frame1596.jpg,1920,1080,action,720,349,1122,986
frame1028.jpg,1920,1080,action,758,381,1078,1011
frame1472.jpg,1920,1080,action,703,328,1194,954
frame1824.jpg,1920,1080,action,849,352,1147,991
frame813.jpg,1920,1080,action,778,443,1127,943
frame138.jpg,1920,1080,action,882,373,1094,939
frame1567.jpg,1920,1080,action,784,423,1106,956
frame1966.jpg,1920,1080,action,785,434,1099,886
frame1240.jpg,1920,1080,action,799,411,1144,929
frame167.jpg,1920,1080,action,876,451,1213,1026
frame1775.jpg,1920,1080,action,795,292,1064,920
frame211.jpg,1920,1080,action,807,421,1086,941
frame943.jpg,1920,1080,action,824,342,1179,977
frame1548.jpg,1920,1080,action,819,414,1110,936
frame2171.jpg,1920,1080,action,827,428,1106,940
frame89.jpg,1920,1080,action,613,330,1234,1052
frame35.jpg,1920,1080,action,699,422,956,968
frame35.jpg,1920,1080,action,1000,552,1253,1080
frame434.jpg,1920,1080,action,690,351,1239,974
frame2109.jpg,1920,1080,action,814,403,1121,947
frame231.jpg,1920,1080,action,804,404,1072,935
frame545.jpg,1920,1080,action,813,385,1063,983
frame2232.jpg,1920,1080,action,891,311,1095,920
frame1918.jpg,1920,1080,action,811,436,1101,901
frame2269.jpg,1920,1080,action,785,450,1105,900
frame201.jpg,1920,1080,action,833,429,1093,929
frame1948.jpg,1920,1080,action,814,447,1096,903
frame2434.jpg,1920,1080,action,891,378,1107,953
frame1611.jpg,1920,1080,action,778,419,1110,1019
frame558.jpg,1920,1080,action,706,366,971,965
frame279.jpg,1920,1080,action,843,496,1086,971
frame1272.jpg,1920,1080,action,799,324,1248,985
frame1406.jpg,1920,1080,action,837,377,1152,964
frame429.jpg,1920,1080,action,690,364,1255,970
frame1208.jpg,1920,1080,action,750,359,1035,1012
frame493.jpg,1920,1080,action,834,372,1063,976
frame1926.jpg,1920,1080,action,797,412,1101,912
frame2167.jpg,1920,1080,action,807,419,1105,939
frame1483.jpg,1920,1080,action,653,243,1021,969
frame1565.jpg,1920,1080,action,793,394,1114,986
frame2324.jpg,1920,1080,action,798,414,1104,921
frame2229.jpg,1920,1080,action,913,399,1128,940
frame1001.jpg,1920,1080,action,734,376,1114,1008
frame2312.jpg,1920,1080,action,797,424,1105,929
frame824.jpg,1920,1080,action,777,373,1171,969
frame966.jpg,1920,1080,action,786,373,1076,989
frame2341.jpg,1920,1080,action,813,420,1089,920
frame1680.jpg,1920,1080,action,798,356,1107,952
frame1682.jpg,1920,1080,action,803,304,1111,943
frame2192.jpg,1920,1080,action,889,388,1121,968
frame2227.jpg,1920,1080,action,880,383,1137,952
frame1756.jpg,1920,1080,action,808,285,1090,973
frame2159.jpg,1920,1080,action,819,306,1107,934
frame1930.jpg,1920,1080,action,823,450,1090,898
frame1995.jpg,1920,1080,action,730,367,1119,922
frame1334.jpg,1920,1080,action,813,367,1122,980
frame1656.jpg,1920,1080,action,815,358,1147,1005
frame974.jpg,1920,1080,action,794,369,1149,977
frame1346.jpg,1920,1080,action,729,339,1196,991
frame673.jpg,1920,1080,action,729,401,1001,1014
frame2225.jpg,1920,1080,action,862,393,1146,942
frame2298.jpg,1920,1080,action,777,434,1101,912
frame1375.jpg,1920,1080,action,778,371,1149,1018
frame268.jpg,1920,1080,action,825,426,1083,936
frame1981.jpg,1920,1080,action,869,373,1108,1005
frame169.jpg,1920,1080,action,940,522,1277,1062
frame2287.jpg,1920,1080,action,794,441,1100,909
frame1496.jpg,1920,1080,action,794,315,1076,965
frame919.jpg,1920,1080,action,844,395,1142,995
frame2169.jpg,1920,1080,action,811,414,1103,941
frame227.jpg,1920,1080,action,815,427,1083,946
frame955.jpg,1920,1080,action,812,365,1074,971
frame872.jpg,1920,1080,action,820,433,1101,947
frame2414.jpg,1920,1080,action,908,373,1073,940
frame1219.jpg,1920,1080,action,742,510,1040,977
frame859.jpg,1920,1080,action,760,381,969,958
frame1283.jpg,1920,1080,action,745,299,1304,999
frame1686.jpg,1920,1080,action,841,359,1114,962
frame1398.jpg,1920,1080,action,761,406,1083,1046
frame1409.jpg,1920,1080,action,791,389,1128,949
frame422.jpg,1920,1080,action,680,352,1273,984
frame2078.jpg,1920,1080,action,823,416,1141,975
frame2345.jpg,1920,1080,action,833,422,1090,913
frame509.jpg,1920,1080,action,853,393,1054,973
frame1975.jpg,1920,1080,action,794,419,1106,912
frame449.jpg,1920,1080,action,841,389,1073,1017
frame294.jpg,1920,1080,action,825,407,1065,948
frame1681.jpg,1920,1080,action,813,319,1118,933
frame1367.jpg,1920,1080,action,771,361,1129,989
frame936.jpg,1920,1080,action,781,346,1143,993
frame2120.jpg,1920,1080,action,777,397,1130,950
frame816.jpg,1920,1080,action,805,437,1090,921
frame125.jpg,1920,1080,action,585,357,1172,1012
frame1997.jpg,1920,1080,action,777,359,1115,939
frame427.jpg,1920,1080,action,695,353,1255,972
frame174.jpg,1920,1080,action,837,379,1094,956
frame666.jpg,1920,1080,action,705,474,1075,980
frame1393.jpg,1920,1080,action,764,352,1149,974
frame1830.jpg,1920,1080,action,814,363,1141,964
frame1957.jpg,1920,1080,action,804,422,1098,893
frame988.jpg,1920,1080,action,657,375,951,936
frame993.jpg,1920,1080,action,724,333,1099,1021
frame435.jpg,1920,1080,action,848,400,1095,1030
frame423.jpg,1920,1080,action,685,342,1236,982
frame1503.jpg,1920,1080,action,803,319,1093,959
frame2297.jpg,1920,1080,action,775,422,1105,918
frame1903.jpg,1920,1080,action,821,429,1090,904
frame2420.jpg,1920,1080,action,882,364,1094,944
frame644.jpg,1920,1080,action,787,480,1056,973
frame1789.jpg,1920,1080,action,783,255,1013,945
frame1335.jpg,1920,1080,action,742,390,1121,1018
frame964.jpg,1920,1080,action,774,380,1083,971
frame1492.jpg,1920,1080,action,770,309,1064,959
frame2196.jpg,1920,1080,action,898,388,1131,966
frame1003.jpg,1920,1080,action,727,369,1113,1009
frame1047.jpg,1920,1080,action,803,316,1056,951
frame1002.jpg,1920,1080,action,754,398,1125,1006
frame281.jpg,1920,1080,action,828,555,1098,970
frame2201.jpg,1920,1080,action,871,355,1170,1004
frame977.jpg,1920,1080,action,727,325,964,919
frame1353.jpg,1920,1080,action,784,378,1139,1002
frame1214.jpg,1920,1080,action,712,453,1034,973
frame1577.jpg,1920,1080,action,803,384,1128,945
frame542.jpg,1920,1080,action,764,399,1057,1021
frame2219.jpg,1920,1080,action,904,312,1149,933
frame1836.jpg,1920,1080,action,812,359,1114,970
frame1235.jpg,1920,1080,action,791,398,1106,918
frame1597.jpg,1920,1080,action,749,416,1098,1011
frame2098.jpg,1920,1080,action,828,437,1136,951
frame20.jpg,1920,1080,action,759,447,1167,1079
frame612.jpg,1920,1080,action,781,521,1070,984
frame2172.jpg,1920,1080,action,831,415,1111,934
frame2089.jpg,1920,1080,action,823,432,1143,962
frame282.jpg,1920,1080,action,834,567,1076,982
frame696.jpg,1920,1080,action,730,340,1318,1026
frame654.jpg,1920,1080,action,737,504,1081,980
frame1092.jpg,1920,1080,action,793,409,1064,964
frame1055.jpg,1920,1080,action,802,406,1073,965
frame243.jpg,1920,1080,action,780,422,1086,939
frame1689.jpg,1920,1080,action,854,362,1113,950
frame1277.jpg,1920,1080,action,713,314,1381,981
frame804.jpg,1920,1080,action,799,415,1103,968
frame1614.jpg,1920,1080,action,714,406,1111,1004
frame1213.jpg,1920,1080,action,723,354,1060,1022
frame2228.jpg,1920,1080,action,878,383,1151,939
frame2303.jpg,1920,1080,action,810,443,1092,939
frame258.jpg,1920,1080,action,825,426,1085,931
frame578.jpg,1920,1080,action,763,387,1044,976
frame1861.jpg,1920,1080,action,761,317,1110,959
frame2437.jpg,1920,1080,action,877,372,1133,946
frame1991.jpg,1920,1080,action,834,394,1097,941
frame297.jpg,1920,1080,action,815,407,1063,936
frame1669.jpg,1920,1080,action,836,394,1114,956
frame1533.jpg,1920,1080,action,795,376,1124,933
frame1321.jpg,1920,1080,action,754,354,1106,1038
frame1494.jpg,1920,1080,action,737,326,1130,958
frame1872.jpg,1920,1080,action,745,406,1180,1025
frame2253.jpg,1920,1080,action,868,439,1070,951
frame1859.jpg,1920,1080,action,751,296,1084,943
frame1273.jpg,1920,1080,action,829,355,1196,1002
frame672.jpg,1920,1080,action,718,406,1019,983
frame622.jpg,1920,1080,action,795,514,1095,969
frame2160.jpg,1920,1080,action,834,435,1097,927
frame896.jpg,1920,1080,action,814,394,1112,981
frame1892.jpg,1920,1080,action,817,422,1089,893
frame103.jpg,1920,1080,action,761,335,1196,1034
frame413.jpg,1920,1080,action,693,356,1243,955
frame1286.jpg,1920,1080,action,769,412,1169,1036
frame1550.jpg,1920,1080,action,770,400,1132,955
frame411.jpg,1920,1080,action,660,361,1225,984
frame576.jpg,1920,1080,action,799,415,1041,970
frame76.jpg,1920,1080,action,664,332,1252,1054
frame1980.jpg,1920,1080,action,895,371,1101,998
frame2083.jpg,1920,1080,action,826,416,1129,959
frame2136.jpg,1920,1080,action,819,387,1097,954
frame2248.jpg,1920,1080,action,845,425,1061,937
frame1033.jpg,1920,1080,action,758,419,1073,1003
frame1474.jpg,1920,1080,action,740,320,1069,942
frame1874.jpg,1920,1080,action,728,407,1180,1029
frame1913.jpg,1920,1080,action,814,409,1114,903
frame1920.jpg,1920,1080,action,820,446,1101,911
frame1211.jpg,1920,1080,action,718,413,1111,978
frame9.jpg,1920,1080,action,780,447,1127,1079
frame648.jpg,1920,1080,action,794,530,1080,969
frame1832.jpg,1920,1080,action,793,325,1164,997
frame2406.jpg,1920,1080,action,909,386,1087,947
frame2436.jpg,1920,1080,action,879,365,1085,943
frame2099.jpg,1920,1080,action,848,451,1121,961
frame961.jpg,1920,1080,action,777,394,1089,966
frame2448.jpg,1920,1080,action,885,363,1103,943
frame2080.jpg,1920,1080,action,824,414,1126,961
frame931.jpg,1920,1080,action,848,402,1138,975
frame2224.jpg,1920,1080,action,907,419,1161,968
frame1851.jpg,1920,1080,action,769,358,1090,1038
frame1543.jpg,1920,1080,action,818,427,1146,961
frame1604.jpg,1920,1080,action,790,358,1074,1011
frame1530.jpg,1920,1080,action,797,401,1116,947
frame168.jpg,1920,1080,action,915,466,1232,1033
frame1421.jpg,1920,1080,action,837,406,1115,1002
frame2102.jpg,1920,1080,action,814,432,1174,966
frame2348.jpg,1920,1080,action,805,424,1107,922
frame593.jpg,1920,1080,action,788,518,1069,985
frame1386.jpg,1920,1080,action,780,401,1161,991
frame2415.jpg,1920,1080,action,909,389,1115,946
frame1479.jpg,1920,1080,action,777,327,1062,969
frame949.jpg,1920,1080,action,799,426,1103,945
frame1085.jpg,1920,1080,action,795,429,1058,968
frame410.jpg,1920,1080,action,676,351,1238,957
frame48.jpg,1920,1080,action,796,445,1123,1079
frame700.jpg,1920,1080,action,672,315,1363,1017
frame1883.jpg,1920,1080,action,686,548,1202,1035
frame1070.jpg,1920,1080,action,747,373,1125,994
frame1675.jpg,1920,1080,action,855,346,1146,964
frame1515.jpg,1920,1080,action,793,405,1101,987
frame1519.jpg,1920,1080,action,753,383,1122,979
frame85.jpg,1920,1080,action,637,332,1253,1040
frame1359.jpg,1920,1080,action,734,359,1150,1003
frame412.jpg,1920,1080,action,681,362,1243,967
frame1099.jpg,1920,1080,action,689,307,1081,954
